K_T,SetA,SetB,SetA_r,SetB_r,AandB_r,AorB_r,IsSubmodularity,menos
68-48-2-8,8-48-37-93,9.19200,9.49800,7.09100,11.06100,1.00000,0.53800
68-48-2-8,8-48-37-93,9.21300,9.40900,7.09700,10.89100,1.00000,0.63400
68-48-2-8,8-48-37-93,10.06400,8.87700,6.95000,11.69900,1.00000,0.29200
68-48-2-8,8-48-37-93,10.02900,9.32500,7.23200,11.79400,1.00000,0.32800
68-48-2-8,8-48-37-93,9.17700,9.20600,7.02400,11.17500,1.00000,0.18400
68-48-2-8,8-48-37-93,9.62000,8.59500,6.79100,10.90000,1.00000,0.52400
68-48-2-8,8-48-37-93,9.53700,9.74300,7.47100,11.33200,1.00000,0.47700
68-48-2-8,8-48-37-93,9.48500,8.99800,7.67100,11.98900,0.00000,-1.17700
68-48-2-8,8-48-37-93,8.89000,9.74500,6.67100,11.24400,1.00000,0.72000
68-48-2-8,8-48-37-93,9.51600,9.39500,7.24100,10.96200,1.00000,0.70800
68-48-2-8,8-48-37-93,9.14600,8.88400,7.43000,11.34600,0.00000,-0.74600
68-48-2-8,8-48-37-93,9.15300,9.15100,6.68000,11.67500,0.00000,-0.05100
68-48-2-8,8-48-37-93,9.57800,9.30800,6.73200,11.28700,1.00000,0.86700
68-48-2-8,8-48-37-93,9.45300,9.26300,6.82800,11.49600,1.00000,0.39200
68-48-2-8,8-48-37-93,9.70800,9.03600,7.22100,11.34200,1.00000,0.18100
68-48-2-8,8-48-37-93,9.55300,8.90000,7.37100,11.83000,0.00000,-0.74800
68-48-2-8,8-48-37-93,9.65300,9.27200,6.85700,11.09500,1.00000,0.97300
68-48-2-8,8-48-37-93,8.86200,9.48800,6.94900,10.76200,1.00000,0.63900
68-48-2-8,8-48-37-93,10.04900,9.02700,7.41200,11.48900,1.00000,0.17500
68-48-2-8,8-48-37-93,9.15100,8.86500,7.06300,11.59900,0.00000,-0.64600
68-48-2-8,8-48-37-93,9.11400,8.96100,7.14800,11.17400,0.00000,-0.24700
68-48-2-8,8-48-37-93,9.76900,8.80000,7.09100,11.10000,1.00000,0.37800
68-48-2-8,8-48-37-93,9.64800,9.28100,6.64800,11.71500,1.00000,0.56600
68-48-2-8,8-48-37-93,9.59800,9.36500,7.04100,11.24100,1.00000,0.68100
68-48-2-8,8-48-37-93,8.76200,8.90700,6.92800,11.68600,0.00000,-0.94500
68-48-2-8,8-48-37-93,9.42000,9.35100,7.46900,11.01300,1.00000,0.28900
68-48-2-8,8-48-37-93,9.37100,8.96200,6.73200,11.58300,1.00000,0.01800
68-48-2-8,8-48-37-93,8.99600,9.13500,6.78300,11.46600,0.00000,-0.11800
68-48-2-8,8-48-37-93,9.01200,10.41500,6.41700,11.99900,1.00000,1.01100
68-48-2-8,8-48-37-93,9.57900,8.50200,6.93200,11.66400,0.00000,-0.51500
68-48-2-8,8-48-37-93,9.16200,9.68000,6.59200,10.69900,1.00000,1.55100
68-48-2-8,8-48-37-93,9.26400,8.76200,6.81400,11.65100,0.00000,-0.43900
68-48-2-8,8-48-37-93,9.03100,9.11200,7.57900,11.69500,0.00000,-1.13100
68-48-2-8,8-48-37-93,9.23600,9.20400,6.55800,11.36700,1.00000,0.51500
68-48-2-8,8-48-37-93,9.39200,9.30400,7.11300,11.53600,1.00000,0.04700
68-48-2-8,8-48-37-93,9.39400,9.47500,6.51900,11.67500,1.00000,0.67500
68-48-2-8,8-48-37-93,9.41300,9.21700,6.87100,11.15100,1.00000,0.60800
68-48-2-8,8-48-37-93,8.53900,9.08400,6.90000,11.86100,0.00000,-1.13800
68-48-2-8,8-48-37-93,9.07600,9.19500,6.98800,10.87400,1.00000,0.40900
68-48-2-8,8-48-37-93,9.59200,8.53800,7.14400,12.02400,0.00000,-1.03800
68-48-2-8,8-48-37-93,9.20000,9.12800,6.97800,11.38800,0.00000,-0.03800
68-48-2-8,8-48-37-93,9.38500,8.93300,7.36500,11.60500,0.00000,-0.65200
68-48-2-8,8-48-37-93,8.78300,9.32900,7.53100,11.58400,0.00000,-1.00300
68-48-2-8,8-48-37-93,9.17800,8.90000,7.49500,10.60100,0.00000,-0.01800
68-48-2-8,8-48-37-93,8.93600,9.14500,6.80300,11.69500,0.00000,-0.41700
68-48-2-8,8-48-37-93,9.17300,9.52500,7.13400,11.07400,1.00000,0.49000
68-48-2-8,8-48-37-93,9.31600,9.24300,6.87600,11.64400,1.00000,0.03900
68-48-2-8,8-48-37-93,9.27700,8.95500,7.76600,11.24900,0.00000,-0.78300
68-48-2-8,8-48-37-93,9.59900,9.27200,6.67800,11.25900,1.00000,0.93400
68-48-2-8,8-48-37-93,9.51200,8.96600,7.44300,10.63500,1.00000,0.40000
68-48-2-8,8-48-37-93,9.36800,9.09800,6.91800,11.12900,1.00000,0.41900
68-48-2-8,8-48-37-93,9.02900,8.58500,7.83600,11.22200,0.00000,-1.44400
68-48-2-8,8-48-37-93,9.40800,9.19500,6.84100,11.63400,1.00000,0.12800
68-48-2-8,8-48-37-93,9.47400,9.58700,7.24100,11.14000,1.00000,0.68000
68-48-2-8,8-48-37-93,9.01700,9.27300,7.35800,11.52600,0.00000,-0.59400
68-48-2-8,8-48-37-93,9.43100,8.98200,7.43600,11.49900,0.00000,-0.52200
68-48-2-8,8-48-37-93,10.01900,9.39800,7.45800,11.11400,1.00000,0.84500
68-48-2-8,8-48-37-93,9.13200,9.68500,6.92000,11.14600,1.00000,0.75100
68-48-2-8,8-48-37-93,9.37800,8.70300,7.17700,10.94800,0.00000,-0.04400
68-48-2-8,8-48-37-93,9.39600,8.79800,7.09600,11.03800,1.00000,0.06000
68-48-2-8,8-48-37-93,9.96400,9.24400,7.32500,11.59100,1.00000,0.29200
68-48-2-8,8-48-37-93,9.54300,9.36800,6.73000,11.75500,1.00000,0.42600
68-48-2-8,8-48-37-93,8.84300,9.11500,7.02000,11.46200,0.00000,-0.52400
68-48-2-8,8-48-37-93,9.07300,9.38500,7.56500,11.22300,0.00000,-0.33000
68-48-2-8,8-48-37-93,9.08300,9.86500,7.47600,11.57000,0.00000,-0.09800
68-48-2-8,8-48-37-93,9.06500,8.72500,7.05400,11.64000,0.00000,-0.90400
68-48-2-8,8-48-37-93,8.98400,8.98800,7.11300,11.25500,0.00000,-0.39600
68-48-2-8,8-48-37-93,9.64900,8.82300,7.11700,11.27100,1.00000,0.08400
68-48-2-8,8-48-37-93,9.55800,9.09800,6.93300,11.58300,1.00000,0.14000
68-48-2-8,8-48-37-93,9.63100,9.15300,7.22400,11.43300,1.00000,0.12700
68-48-2-8,8-48-37-93,8.99400,9.51000,7.72000,11.68800,0.00000,-0.90400
68-48-2-8,8-48-37-93,9.62500,8.68500,8.02600,11.31100,0.00000,-1.02700
68-48-2-8,8-48-37-93,9.25400,9.76600,6.63300,12.08400,1.00000,0.30300
68-48-2-8,8-48-37-93,9.51700,8.80300,7.29400,11.59900,0.00000,-0.57300
68-48-2-8,8-48-37-93,8.66900,9.75000,7.08700,11.44200,0.00000,-0.11000
68-48-2-8,8-48-37-93,9.63900,9.13100,7.66200,11.58600,0.00000,-0.47800
68-48-2-8,8-48-37-93,9.30400,9.08400,6.92400,11.22000,1.00000,0.24400
68-48-2-8,8-48-37-93,9.97100,9.75900,7.11700,11.25900,1.00000,1.35400
68-48-2-8,8-48-37-93,8.92200,9.38700,7.03400,12.06800,0.00000,-0.79300
68-48-2-8,8-48-37-93,8.90700,8.98300,6.93300,11.50700,0.00000,-0.55000
68-48-2-8,8-48-37-93,9.42900,9.02100,7.18800,11.25000,1.00000,0.01200
68-48-2-8,8-48-37-93,9.88800,10.14900,6.88300,10.99100,1.00000,2.16300
68-48-2-8,8-48-37-93,9.84900,9.06800,6.91800,11.42000,1.00000,0.57900
68-48-2-8,8-48-37-93,8.82900,9.47800,7.08900,11.27400,0.00000,-0.05600
68-48-2-8,8-48-37-93,9.99600,9.30100,6.96700,11.11000,1.00000,1.22000
68-48-2-8,8-48-37-93,8.90100,9.30000,6.90200,10.58000,1.00000,0.71900
68-48-2-8,8-48-37-93,9.21200,9.09700,6.76800,11.81400,0.00000,-0.27300
68-48-2-8,8-48-37-93,9.47900,8.82900,6.93400,11.30100,1.00000,0.07300
68-48-2-8,8-48-37-93,9.26500,9.37900,6.85000,11.17000,1.00000,0.62400
68-48-2-8,8-48-37-93,9.38600,8.81300,7.15200,10.89000,1.00000,0.15700
68-48-2-8,8-48-37-93,9.66000,9.03900,7.29500,11.29900,1.00000,0.10500
68-48-2-8,8-48-37-93,9.57400,9.26500,7.55200,11.42500,0.00000,-0.13800
68-48-2-8,8-48-37-93,9.88500,9.16500,6.55500,11.54600,1.00000,0.94900
68-48-2-8,8-48-37-93,9.53300,9.32500,7.35000,11.33200,1.00000,0.17600
68-48-2-8,8-48-37-93,9.54500,9.13500,7.55400,11.08300,1.00000,0.04300
68-48-2-8,8-48-37-93,9.08400,9.26800,7.08000,11.32900,0.00000,-0.05700
68-48-2-8,8-48-37-93,9.08200,9.13100,7.31500,11.61600,0.00000,-0.71800
68-48-2-8,8-48-37-93,9.12500,9.36300,7.01600,11.48300,0.00000,-0.01100
68-48-2-8,8-48-37-93,9.36000,8.91700,6.88300,11.51000,0.00000,-0.11600
68-48-2-8,8-48-37-93,9.32000,9.14600,6.73900,11.46900,1.00000,0.25800
68-48-2-8,8-48-37-93,9.93000,9.86900,7.45800,11.59800,1.00000,0.74300
68-48-2-8,8-48-37-93,9.46900,9.14200,6.95200,11.22900,1.00000,0.43000
68-48-2-8,8-48-37-93,9.08600,8.90600,6.76200,11.51600,0.00000,-0.28600
68-48-2-8,8-48-37-93,9.25400,9.23500,7.36300,11.66300,0.00000,-0.53700
68-48-2-8,8-48-37-93,9.28200,9.50500,6.70200,11.17400,1.00000,0.91100
68-48-2-8,8-48-37-93,9.53900,9.21500,6.76000,11.75400,1.00000,0.24000
68-48-2-8,8-48-37-93,9.23200,9.35900,7.12800,11.61500,0.00000,-0.15200
68-48-2-8,8-48-37-93,9.66200,9.48100,6.64200,11.71400,1.00000,0.78700
68-48-2-8,8-48-37-93,9.13700,8.49900,7.06800,11.59400,0.00000,-1.02600
68-48-2-8,8-48-37-93,9.35000,9.34000,7.34600,11.58600,0.00000,-0.24200
68-48-2-8,8-48-37-93,9.05300,8.84000,7.50300,10.83600,0.00000,-0.44600
68-48-2-8,8-48-37-93,9.27700,9.22300,7.20300,11.26000,1.00000,0.03700
68-48-2-8,8-48-37-93,9.09800,9.71000,6.77100,11.38600,1.00000,0.65100
68-48-2-8,8-48-37-93,9.12400,8.76100,7.65400,11.20200,0.00000,-0.97100
68-48-2-8,8-48-37-93,9.46300,9.56200,7.33700,11.20300,1.00000,0.48500
68-48-2-8,8-48-37-93,9.24400,9.13600,7.46900,11.09300,0.00000,-0.18200
68-48-2-8,8-48-37-93,9.09100,8.99100,7.10600,10.81700,1.00000,0.15900
68-48-2-8,8-48-37-93,9.85900,9.04700,6.82900,11.58400,1.00000,0.49300
68-48-2-8,8-48-37-93,9.44500,9.19700,7.35900,11.70700,0.00000,-0.42400
68-48-2-8,8-48-37-93,9.68700,9.58300,7.13900,11.35100,1.00000,0.78000
68-48-2-8,8-48-37-93,9.75300,8.89600,7.29800,11.49200,0.00000,-0.14100
68-48-2-8,8-48-37-93,9.03100,9.68000,7.63500,11.13100,0.00000,-0.05500
68-48-2-8,8-48-37-93,9.54800,9.19900,7.36900,11.42100,0.00000,-0.04300
68-48-2-8,8-48-37-93,9.29000,8.57500,7.50100,10.88300,0.00000,-0.51900
68-48-2-8,8-48-37-93,9.61300,9.24100,7.09000,11.33400,1.00000,0.43000
68-48-2-8,8-48-37-93,8.89800,9.35500,7.17700,11.33700,0.00000,-0.26100
68-48-2-8,8-48-37-93,9.30900,9.49600,6.85500,11.73200,1.00000,0.21800
68-48-2-8,8-48-37-93,9.23500,9.24700,7.45800,11.33600,0.00000,-0.31200
68-48-2-8,8-48-37-93,9.08000,9.42200,6.60400,10.94300,1.00000,0.95500
68-48-2-8,8-48-37-93,9.25100,9.18300,7.10500,11.73200,0.00000,-0.40300
68-48-2-8,8-48-37-93,9.87200,8.89100,6.79900,10.71800,1.00000,1.24600
68-48-2-8,8-48-37-93,9.46000,9.00100,6.77800,11.47400,1.00000,0.20900
68-48-2-8,8-48-37-93,9.54900,9.77800,7.26500,11.67200,1.00000,0.39000
68-48-2-8,8-48-37-93,8.98700,9.19200,7.20000,11.45900,0.00000,-0.48000
68-48-2-8,8-48-37-93,9.07400,8.94000,7.31200,10.96800,0.00000,-0.26600
68-48-2-8,8-48-37-93,9.37300,9.31400,7.18900,11.54600,0.00000,-0.04800
68-48-2-8,8-48-37-93,9.19100,9.61000,6.67700,11.06100,1.00000,1.06300
68-48-2-8,8-48-37-93,9.34500,8.84500,6.84100,11.55700,0.00000,-0.20800
68-48-2-8,8-48-37-93,9.44000,8.97700,7.46300,11.29800,0.00000,-0.34400
68-48-2-8,8-48-37-93,9.20000,8.83200,7.25300,11.33300,0.00000,-0.55400
68-48-2-8,8-48-37-93,9.48200,9.20100,6.68300,11.65100,1.00000,0.34900
68-48-2-8,8-48-37-93,9.15000,9.42600,7.15800,11.58200,0.00000,-0.16400
68-48-2-8,8-48-37-93,10.16400,8.46500,7.02600,11.47700,1.00000,0.12600
68-48-2-8,8-48-37-93,9.15800,9.60800,7.33900,11.66300,0.00000,-0.23600
68-48-2-8,8-48-37-93,9.89900,9.51000,7.37200,11.37800,1.00000,0.65900
68-48-2-8,8-48-37-93,9.13000,9.19700,7.14900,10.99200,1.00000,0.18600
68-48-2-8,8-48-37-93,9.42200,9.73600,6.89000,11.33800,1.00000,0.93000
68-48-2-8,8-48-37-93,9.86300,9.19400,6.86000,12.06300,1.00000,0.13400
68-48-2-8,8-48-37-93,8.90600,9.21800,7.01400,11.29700,0.00000,-0.18700
68-48-2-8,8-48-37-93,9.88000,8.53100,6.92100,11.75600,0.00000,-0.26600
68-48-2-8,8-48-37-93,9.10500,9.62700,6.47700,11.15400,1.00000,1.10100
68-48-2-8,8-48-37-93,9.59800,9.33700,7.04500,11.58100,1.00000,0.30900
68-48-2-8,8-48-37-93,9.63700,9.04300,7.57500,11.38500,0.00000,-0.28000
68-48-2-8,8-48-37-93,9.06900,9.18700,7.48500,11.32000,0.00000,-0.54900
68-48-2-8,8-48-37-93,9.51700,8.54600,7.28100,11.50700,0.00000,-0.72500
68-48-2-8,8-48-37-93,9.31800,9.87300,7.14700,11.75900,1.00000,0.28500
68-48-2-8,8-48-37-93,9.77900,9.45600,7.09800,11.20700,1.00000,0.93000
68-48-2-8,8-48-37-93,9.77300,9.40000,6.68000,11.33900,1.00000,1.15400
68-48-2-8,8-48-37-93,9.86900,9.61500,7.23600,11.43900,1.00000,0.80900
68-48-2-8,8-48-37-93,10.12600,8.73600,7.10400,11.65500,1.00000,0.10300
68-48-2-8,8-48-37-93,9.27900,9.45000,7.09300,10.90700,1.00000,0.72900
68-48-2-8,8-48-37-93,9.02200,9.46300,7.02400,11.31800,1.00000,0.14300
68-48-2-8,8-48-37-93,9.33500,9.41600,7.16500,11.71800,0.00000,-0.13200
68-48-2-8,8-48-37-93,9.89900,9.35000,6.94900,10.74900,1.00000,1.55100
68-48-2-8,8-48-37-93,9.24500,9.65600,6.86400,11.34300,1.00000,0.69400
68-48-2-8,8-48-37-93,10.17300,9.41100,6.91700,11.96400,1.00000,0.70300
68-48-2-8,8-48-37-93,9.26200,9.55000,7.09900,11.07400,1.00000,0.63900
68-48-2-8,8-48-37-93,9.47700,9.14000,7.37300,11.11500,1.00000,0.12900
68-48-2-8,8-48-37-93,9.72400,9.08600,7.16400,12.05100,0.00000,-0.40500
68-48-2-8,8-48-37-93,9.28900,9.14800,6.73700,11.34000,1.00000,0.36000
68-48-2-8,8-48-37-93,9.52200,9.12300,7.17200,11.39100,1.00000,0.08200
68-48-2-8,8-48-37-93,9.44600,8.93200,7.32800,11.07700,0.00000,-0.02700
68-48-2-8,8-48-37-93,9.64300,8.98800,6.74200,11.94000,0.00000,-0.05100
68-48-2-8,8-48-37-93,9.47900,9.06200,6.70700,11.24200,1.00000,0.59200
68-48-2-8,8-48-37-93,9.74700,9.06000,7.12700,10.67600,1.00000,1.00400
68-48-2-8,8-48-37-93,9.40900,8.85700,7.22100,11.08400,0.00000,-0.03900
68-48-2-8,8-48-37-93,9.28300,9.45300,6.83500,10.86100,1.00000,1.04000
68-48-2-8,8-48-37-93,9.28200,9.05400,7.34100,10.96300,1.00000,0.03200
68-48-2-8,8-48-37-93,9.65600,9.30400,7.26700,11.06900,1.00000,0.62400
68-48-2-8,8-48-37-93,9.69900,9.25900,6.94800,12.09400,0.00000,-0.08400
68-48-2-8,8-48-37-93,9.58200,9.26500,7.13000,11.02400,1.00000,0.69300
68-48-2-8,8-48-37-93,9.50300,9.59400,7.20200,11.52200,1.00000,0.37300
68-48-2-8,8-48-37-93,9.62000,9.00000,6.94300,11.19700,1.00000,0.48000
68-48-2-8,8-48-37-93,9.80000,8.62300,7.45900,11.43700,0.00000,-0.47300
68-48-2-8,8-48-37-93,10.06300,9.06200,7.21800,11.39100,1.00000,0.51600
68-48-2-8,8-48-37-93,8.82300,9.58500,7.03100,11.64400,0.00000,-0.26700
68-48-2-8,8-48-37-93,9.78700,9.59100,7.54300,11.25900,1.00000,0.57600
68-48-2-8,8-48-37-93,9.36800,9.44100,7.50600,11.30600,0.00000,-0.00300
68-48-2-8,8-48-37-93,9.05800,9.18600,6.59400,11.20400,1.00000,0.44600
68-48-2-8,8-48-37-93,9.68400,9.28600,7.03700,10.85700,1.00000,1.07600
68-48-2-8,8-48-37-93,9.87900,9.19100,6.68300,11.12400,1.00000,1.26300
68-48-2-8,8-48-37-93,9.24800,9.95600,7.17800,11.41800,1.00000,0.60800
68-48-2-8,8-48-37-93,9.91300,9.11300,7.19000,11.28200,1.00000,0.55400
68-48-2-8,8-48-37-93,9.04500,9.58900,6.81100,11.19400,1.00000,0.62900
68-48-2-8,8-48-37-93,9.57300,9.21200,7.10700,11.39600,1.00000,0.28200
68-48-2-8,8-48-37-93,9.31400,9.03400,7.32600,11.01200,1.00000,0.01000
68-48-2-8,8-48-37-93,9.08500,8.91400,6.29900,11.19500,1.00000,0.50500
68-48-2-8,8-48-37-93,9.24600,9.04700,6.76400,11.00700,1.00000,0.52200
68-48-2-8,8-48-37-93,9.79800,9.47400,7.10100,11.00600,1.00000,1.16500
68-48-2-8,8-48-37-93,9.40200,9.80900,7.02600,11.53600,1.00000,0.64900
68-48-2-8,8-48-37-93,9.43300,9.49200,7.17300,11.25000,1.00000,0.50200
68-48-2-8,8-48-37-93,9.85000,9.21300,7.09300,11.99700,0.00000,-0.02700
68-48-2-8,8-48-37-93,8.75000,9.74800,7.14800,11.23000,1.00000,0.12000
68-48-2-8,8-48-37-93,9.03300,8.84800,7.33200,11.19000,0.00000,-0.64100
68-48-2-8,8-48-37-93,9.08800,8.97400,7.45000,11.36000,0.00000,-0.74800
68-48-2-8,8-48-37-93,8.88500,8.98300,7.65100,11.26700,0.00000,-1.05000
68-48-2-8,8-48-37-93,8.95200,9.08200,6.87100,11.24000,0.00000,-0.07700
68-48-2-8,8-48-37-93,9.39300,8.86300,7.26500,11.49000,0.00000,-0.49900
68-48-2-8,8-48-37-93,8.88400,9.24800,7.05500,10.70900,1.00000,0.36800
68-48-2-8,8-48-37-93,9.38600,9.28500,6.80300,11.65700,1.00000,0.21100
68-48-2-8,8-48-37-93,8.98900,9.45800,6.89500,11.45600,1.00000,0.09600
68-48-2-8,8-48-37-93,8.91000,9.19400,7.38500,11.42600,0.00000,-0.70700
68-48-2-8,8-48-37-93,9.25400,8.95000,6.75100,11.40800,1.00000,0.04500
68-48-2-8,8-48-37-93,9.42700,9.04600,6.58500,11.87800,1.00000,0.01000
68-48-2-8,8-48-37-93,9.13000,9.35400,7.13100,10.78900,1.00000,0.56400
68-48-2-8,8-48-37-93,9.13100,8.86500,7.24800,11.56100,0.00000,-0.81300
68-48-2-8,8-48-37-93,9.73000,8.86100,6.49800,11.18600,1.00000,0.90700
68-48-2-8,8-48-37-93,9.55000,9.22300,6.92900,11.38000,1.00000,0.46400
68-48-2-8,8-48-37-93,9.57900,9.42400,6.98800,11.69100,1.00000,0.32400
68-48-2-8,8-48-37-93,9.61900,10.04500,7.17700,12.00300,1.00000,0.48400
68-48-2-8,8-48-37-93,9.76700,9.30000,7.21300,11.00200,1.00000,0.85200
68-48-2-8,8-48-37-93,10.07400,9.23500,7.49300,11.87800,0.00000,-0.06200
68-48-2-8,8-48-37-93,9.07100,9.25100,6.98400,11.04900,1.00000,0.28900
68-48-2-8,8-48-37-93,9.45800,9.07900,7.28900,10.90300,1.00000,0.34500
68-48-2-8,8-48-37-93,9.07900,8.95100,7.06300,10.90500,1.00000,0.06200
68-48-2-8,8-48-37-93,9.27600,9.76900,6.60900,11.60100,1.00000,0.83500
68-48-2-8,8-48-37-93,9.65600,8.96700,7.12700,11.84900,0.00000,-0.35300
68-48-2-8,8-48-37-93,9.41100,8.68100,6.74900,11.60900,0.00000,-0.26600
68-48-2-8,8-48-37-93,9.35500,9.41900,7.05600,11.24900,1.00000,0.46900
68-48-2-8,8-48-37-93,9.37000,9.23400,7.10300,11.27100,1.00000,0.23000
68-48-2-8,8-48-37-93,9.10300,9.31300,6.96900,11.20500,1.00000,0.24200
68-48-2-8,8-48-37-93,9.44800,9.31700,7.33500,11.23800,1.00000,0.19200
68-48-2-8,8-48-37-93,9.62200,8.91700,6.65500,11.36400,1.00000,0.52000
68-48-2-8,8-48-37-93,9.69600,9.15100,7.38200,10.84700,1.00000,0.61800
68-48-2-8,8-48-37-93,9.29300,8.97100,6.71400,11.04500,1.00000,0.50500
68-48-2-8,8-48-37-93,9.44700,9.07300,7.02900,11.40200,1.00000,0.08900
68-48-2-8,8-48-37-93,9.78800,8.83800,7.39900,11.13600,1.00000,0.09100
68-48-2-8,8-48-37-93,9.77600,8.84200,7.06100,11.17300,1.00000,0.38400
68-48-2-8,8-48-37-93,9.22100,9.24500,6.49700,10.82100,1.00000,1.14800
68-48-2-8,8-48-37-93,9.85100,9.37100,7.30700,10.81700,1.00000,1.09800
68-48-2-8,8-48-37-93,9.12600,9.05300,7.78600,11.76400,0.00000,-1.37100
68-48-2-8,8-48-37-93,9.22100,8.31800,7.11800,10.85000,0.00000,-0.42900
68-48-2-8,8-48-37-93,9.56700,9.34200,7.11200,12.39200,0.00000,-0.59500
68-48-2-8,8-48-37-93,9.56900,9.27300,7.70900,11.81600,0.00000,-0.68300
68-48-2-8,8-48-37-93,9.29100,9.01900,6.76700,11.34600,1.00000,0.19700
68-48-2-8,8-48-37-93,9.63600,9.03400,7.23000,11.56500,0.00000,-0.12500
68-48-2-8,8-48-37-93,9.26700,9.19400,6.93300,11.14700,1.00000,0.38100
68-48-2-8,8-48-37-93,8.88400,9.19400,6.80000,11.42500,0.00000,-0.14700
68-48-2-8,8-48-37-93,9.07500,9.00800,7.01800,11.20800,0.00000,-0.14300
68-48-2-8,8-48-37-93,9.26100,9.03200,7.16100,11.24100,0.00000,-0.10900
68-48-2-8,8-48-37-93,9.62900,9.24300,6.82100,11.23900,1.00000,0.81200
68-48-2-8,8-48-37-93,9.33600,8.75300,7.35900,11.73100,0.00000,-1.00100
68-48-2-8,8-48-37-93,9.17300,9.01500,6.81700,10.93500,1.00000,0.43600
68-48-2-8,8-48-37-93,9.65400,9.17800,7.36800,11.18600,1.00000,0.27800
68-48-2-8,8-48-37-93,8.96100,9.15300,7.17900,11.29500,0.00000,-0.36000
68-48-2-8,8-48-37-93,9.03100,9.07700,7.22400,11.38000,0.00000,-0.49600
68-48-2-8,8-48-37-93,9.30500,8.91000,6.56200,10.65800,1.00000,0.99500
68-48-2-8,8-48-37-93,9.70000,9.19700,7.22800,11.32400,1.00000,0.34500
68-48-2-8,8-48-37-93,9.66800,9.54900,7.60800,11.40500,1.00000,0.20400
68-48-2-8,8-48-37-93,9.43700,9.48100,7.28100,11.68000,0.00000,-0.04300
68-48-2-8,8-48-37-93,9.73000,9.20900,7.04200,11.34100,1.00000,0.55600
68-48-2-8,8-48-37-93,9.19400,8.99000,7.31000,11.47500,0.00000,-0.60100
68-48-2-8,8-48-37-93,9.28100,9.14200,6.85200,11.69700,0.00000,-0.12600
68-48-2-8,8-48-37-93,9.52000,9.23900,7.44400,11.42100,0.00000,-0.10600
68-48-2-8,8-48-37-93,9.47800,9.30300,7.63100,11.37000,0.00000,-0.22000
68-48-2-8,8-48-37-93,9.43200,9.24400,7.21100,10.98300,1.00000,0.48200
68-48-2-8,8-48-37-93,9.22600,9.69700,7.11500,12.19300,0.00000,-0.38500
68-48-2-8,8-48-37-93,9.62200,8.62200,7.19300,11.54000,0.00000,-0.48900
68-48-2-8,8-48-37-93,9.14200,9.23500,7.22200,11.41400,0.00000,-0.25900
68-48-2-8,8-48-37-93,9.21000,9.73700,7.41200,11.42300,1.00000,0.11200
68-48-2-8,8-48-37-93,9.43100,8.90300,6.83600,11.91300,0.00000,-0.41500
68-48-2-8,8-48-37-93,9.66500,9.43900,6.93200,11.89900,1.00000,0.27300
68-48-2-8,8-48-37-93,9.43100,9.10000,6.98900,11.39000,1.00000,0.15200
68-48-2-8,8-48-37-93,9.37800,9.63500,7.39100,11.31700,1.00000,0.30500
68-48-2-8,8-48-37-93,9.01400,8.96400,7.10000,11.29000,0.00000,-0.41200
68-48-2-8,8-48-37-93,9.50600,9.35100,7.38100,11.11300,1.00000,0.36300
68-48-2-8,8-48-37-93,9.79500,8.86600,8.00800,10.97200,0.00000,-0.31900
68-48-2-8,8-48-37-93,9.67900,9.62000,7.39500,11.68700,1.00000,0.21700
68-48-2-8,8-48-37-93,9.43200,9.41000,7.08500,11.37900,1.00000,0.37800
68-48-2-8,8-48-37-93,8.64000,9.16800,6.70900,11.42400,0.00000,-0.32500
68-48-2-8,8-48-37-93,8.99500,9.15000,6.73400,11.33800,1.00000,0.07300
68-48-2-8,8-48-37-93,9.59000,9.37400,7.16600,11.80200,0.00000,-0.00400
68-48-2-8,8-48-37-93,9.94100,8.94800,7.39700,11.46500,1.00000,0.02700
68-48-2-8,8-48-37-93,9.29900,8.95400,7.00300,11.62800,0.00000,-0.37800
68-48-2-8,8-48-37-93,9.05800,9.41900,7.05100,11.47900,0.00000,-0.05300
68-48-2-8,8-48-37-93,9.30600,9.45600,7.30400,11.34300,1.00000,0.11500
68-48-2-8,8-48-37-93,9.89700,9.01800,7.48000,11.19300,1.00000,0.24200
68-48-2-8,8-48-37-93,9.17400,9.48900,7.22700,11.43700,0.00000,-0.00100
68-48-2-8,8-48-37-93,9.28300,9.00000,6.77000,11.52500,0.00000,-0.01200
68-48-2-8,8-48-37-93,9.61000,9.16900,6.98000,11.55400,1.00000,0.24500
68-48-2-8,8-48-37-93,9.53400,9.78800,6.87400,11.45700,1.00000,0.99100
68-48-2-8,8-48-37-93,9.51800,9.49200,6.46300,10.55300,1.00000,1.99400
68-48-2-8,8-48-37-93,9.19600,9.36000,6.56200,11.35600,1.00000,0.63800
68-48-2-8,8-48-37-93,9.44300,9.32000,7.17500,10.94600,1.00000,0.64200
68-48-2-8,8-48-37-93,9.43300,9.47800,7.31800,11.39000,1.00000,0.20300
68-48-2-8,8-48-37-93,9.73200,8.72900,6.63000,11.59600,1.00000,0.23500
68-48-2-8,8-48-37-93,9.62700,8.74100,7.45900,11.31200,0.00000,-0.40300
68-48-2-8,8-48-37-93,9.53500,9.08500,6.55000,11.58100,1.00000,0.48900
68-48-2-8,8-48-37-93,9.63000,9.23400,8.17300,11.29300,0.00000,-0.60200
68-48-2-8,8-48-37-93,9.03600,9.35100,7.15100,11.25600,0.00000,-0.02000
68-48-2-8,8-48-37-93,8.81200,9.43100,7.33300,11.52500,0.00000,-0.61500
68-48-2-8,8-48-37-93,10.14800,8.98200,7.13000,11.15400,1.00000,0.84600
68-48-2-8,8-48-37-93,9.85700,9.29200,7.70500,11.56700,0.00000,-0.12300
68-48-2-8,8-48-37-93,9.37200,9.48600,7.38700,11.48900,0.00000,-0.01800
68-48-2-8,8-48-37-93,9.96000,9.23700,7.82200,11.77900,0.00000,-0.40400
68-48-2-8,8-48-37-93,9.08200,9.21800,7.40600,11.45200,0.00000,-0.55800
68-48-2-8,8-48-37-93,8.67100,9.01700,7.19400,11.76700,0.00000,-1.27300
68-48-2-8,8-48-37-93,8.55400,8.56300,6.70900,11.74400,0.00000,-1.33600
68-48-2-8,8-48-37-93,9.55300,9.52700,7.25800,11.31400,1.00000,0.50800
68-48-2-8,8-48-37-93,9.47200,8.71400,6.91300,11.51100,0.00000,-0.23800
68-48-2-8,8-48-37-93,9.07000,8.71500,7.48700,11.87400,0.00000,-1.57600
68-48-2-8,8-48-37-93,8.97000,9.04600,7.33900,11.69500,0.00000,-1.01800
68-48-2-8,8-48-37-93,9.94200,8.91200,7.32000,11.27000,1.00000,0.26400
68-48-2-8,8-48-37-93,9.35000,9.35400,7.05200,11.79700,0.00000,-0.14500
68-48-2-8,8-48-37-93,9.17000,9.00700,7.51600,11.90200,0.00000,-1.24100
68-48-2-8,8-48-37-93,9.72900,9.18700,7.07100,11.08000,1.00000,0.76500
68-48-2-8,8-48-37-93,9.02100,9.09100,7.72200,11.48800,0.00000,-1.09800
68-48-2-8,8-48-37-93,9.39500,8.75900,7.10000,11.54800,0.00000,-0.49400
68-48-2-8,8-48-37-93,9.57700,9.44300,6.98200,11.72500,1.00000,0.31300
68-48-2-8,8-48-37-93,9.74100,9.26300,7.32000,11.84300,0.00000,-0.15900
68-48-2-8,8-48-37-93,9.19700,8.99400,7.01300,10.99700,1.00000,0.18100
68-48-2-8,8-48-37-93,8.96800,9.49600,7.02200,11.51100,0.00000,-0.06900
68-48-2-8,8-48-37-93,9.35700,9.00700,7.17300,12.63000,0.00000,-1.43900
68-48-2-8,8-48-37-93,9.10400,8.99200,7.13400,11.45400,0.00000,-0.49200
68-48-2-8,8-48-37-93,8.88400,9.31400,6.53000,11.69900,0.00000,-0.03100
68-48-2-8,8-48-37-93,9.41400,9.03700,7.72100,11.17700,0.00000,-0.44700
68-48-2-8,8-48-37-93,9.35100,9.99300,7.18800,10.98900,1.00000,1.16700
68-48-2-8,8-48-37-93,9.17800,8.98500,7.35400,11.52700,0.00000,-0.71800
68-48-2-8,8-48-37-93,9.42500,8.53900,7.30200,11.97900,0.00000,-1.31700
68-48-2-8,8-48-37-93,9.57800,8.97600,7.00700,11.29800,1.00000,0.24900
68-48-2-8,8-48-37-93,9.43600,8.94100,7.08300,11.73000,0.00000,-0.43600
68-48-2-8,8-48-37-93,9.25900,9.56800,7.04100,11.75200,1.00000,0.03400
68-48-2-8,8-48-37-93,9.12100,9.19400,7.44300,10.84400,1.00000,0.02800
68-48-2-8,8-48-37-93,9.50900,9.13500,7.41500,11.37100,0.00000,-0.14200
68-48-2-8,8-48-37-93,9.26300,9.29800,7.08100,11.31500,1.00000,0.16500
68-48-2-8,8-48-37-93,9.35600,9.38500,6.92200,11.23400,1.00000,0.58500
68-48-2-8,8-48-37-93,9.45700,8.88400,7.31400,12.05600,0.00000,-1.02900
68-48-2-8,8-48-37-93,9.41400,9.84600,7.55000,11.59100,1.00000,0.11900
68-48-2-8,8-48-37-93,9.40800,9.44300,7.42000,11.43200,0.00000,-0.00100
68-48-2-8,8-48-37-93,9.59000,9.24000,6.97200,11.11700,1.00000,0.74100
68-48-2-8,8-48-37-93,9.36400,8.95700,7.32300,11.25000,0.00000,-0.25200
68-48-2-8,8-48-37-93,9.26300,8.96800,7.09400,11.35300,0.00000,-0.21600
68-48-2-8,8-48-37-93,9.60600,9.19400,7.61100,11.22500,0.00000,-0.03600
68-48-2-8,8-48-37-93,9.50700,8.74200,7.20200,11.50200,0.00000,-0.45500
68-48-2-8,8-48-37-93,9.20200,9.11500,7.42500,11.51300,0.00000,-0.62100
68-48-2-8,8-48-37-93,9.89400,9.07900,7.47800,11.41100,1.00000,0.08400
68-48-2-8,8-48-37-93,9.00200,9.44200,7.12300,11.76400,0.00000,-0.44300
68-48-2-8,8-48-37-93,9.46500,8.57200,7.16700,11.54000,0.00000,-0.67000
68-48-2-8,8-48-37-93,9.32400,9.39600,7.06400,11.58800,1.00000,0.06800
68-48-2-8,8-48-37-93,9.72300,8.81100,7.14000,10.80200,1.00000,0.59200
68-48-2-8,8-48-37-93,9.75900,9.24200,7.53100,11.56300,0.00000,-0.09300
68-48-2-8,8-48-37-93,9.32100,9.32000,7.53700,10.95100,1.00000,0.15300
68-48-2-8,8-48-37-93,9.82900,9.15600,6.99700,11.02000,1.00000,0.96800
68-48-2-8,8-48-37-93,9.17500,9.48100,7.19800,11.26600,1.00000,0.19200
68-48-2-8,8-48-37-93,9.18200,8.69600,7.00500,11.06000,0.00000,-0.18700
68-48-2-8,8-48-37-93,9.10100,9.38200,7.06300,12.14100,0.00000,-0.72100
68-48-2-8,8-48-37-93,9.73500,9.08200,6.95400,10.96800,1.00000,0.89500
68-48-2-8,8-48-37-93,9.47800,8.95300,6.88800,11.21900,1.00000,0.32400
68-48-2-8,8-48-37-93,8.85900,9.17900,7.64300,11.15100,0.00000,-0.75600
68-48-2-8,8-48-37-93,9.22700,9.15800,7.57000,11.37900,0.00000,-0.56400
68-48-2-8,8-48-37-93,9.06200,9.46400,7.08100,10.93100,1.00000,0.51400
68-48-2-8,8-48-37-93,9.17200,8.81600,7.10400,11.36000,0.00000,-0.47600
68-48-2-8,8-48-37-93,8.97900,8.83600,7.67900,11.43800,0.00000,-1.30200
68-48-2-8,8-48-37-93,9.59000,9.72500,7.06000,11.50800,1.00000,0.74700
68-48-2-8,8-48-37-93,9.60700,9.18900,7.14400,11.67000,0.00000,-0.01800
68-48-2-8,8-48-37-93,9.09800,9.45600,7.17500,11.31200,1.00000,0.06700
68-48-2-8,8-48-37-93,9.10100,8.90100,7.01800,11.67800,0.00000,-0.69400
68-48-2-8,8-48-37-93,9.30100,9.22300,7.25900,11.25800,1.00000,0.00700
68-48-2-8,8-48-37-93,9.34400,8.89600,7.25700,11.68500,0.00000,-0.70200
68-48-2-8,8-48-37-93,9.86100,9.45700,6.47600,10.86700,1.00000,1.97500
68-48-2-8,8-48-37-93,9.47400,9.45500,7.24600,11.69900,0.00000,-0.01600
68-48-2-8,8-48-37-93,9.25800,9.20100,6.61200,11.32300,1.00000,0.52400
68-48-2-8,8-48-37-93,9.48200,9.04800,7.18200,11.08900,1.00000,0.25900
68-48-2-8,8-48-37-93,9.33200,9.10600,7.40600,11.22100,0.00000,-0.18900
68-48-2-8,8-48-37-93,10.49600,9.16900,6.96500,12.35900,1.00000,0.34100
68-48-2-8,8-48-37-93,9.21200,9.26900,7.18600,11.53900,0.00000,-0.24400
68-48-2-8,8-48-37-93,9.30300,9.67500,7.11100,11.17600,1.00000,0.69100
68-48-2-8,8-48-37-93,9.61200,9.25600,7.51200,11.10400,1.00000,0.25200
68-48-2-8,8-48-37-93,9.28700,8.68200,6.90600,11.81800,0.00000,-0.75500
68-48-2-8,8-48-37-93,9.01300,9.09400,6.69200,11.56800,0.00000,-0.15300
68-48-2-8,8-48-37-93,9.29600,8.94800,7.53400,11.23200,0.00000,-0.52200
68-48-2-8,8-48-37-93,9.24400,9.28800,7.66300,11.28100,0.00000,-0.41200
68-48-2-8,8-48-37-93,9.96900,9.78100,7.64600,11.24700,1.00000,0.85700
68-48-2-8,8-48-37-93,9.05000,9.35000,7.29900,11.28400,0.00000,-0.18300
68-48-2-8,8-48-37-93,8.87200,9.26100,6.73200,10.96600,1.00000,0.43500
68-48-2-8,8-48-37-93,9.48900,9.28500,6.94000,11.38100,1.00000,0.45300
68-48-2-8,8-48-37-93,9.33900,9.16200,7.09300,11.45900,0.00000,-0.05100
68-48-2-8,8-48-37-93,9.40700,9.38600,7.24700,11.08100,1.00000,0.46500
68-48-2-8,8-48-37-93,9.12600,9.37200,7.31600,10.95000,1.00000,0.23200
68-48-2-8,8-48-37-93,9.81500,9.46200,6.76800,11.19200,1.00000,1.31700
68-48-2-8,8-48-37-93,9.19600,8.89900,7.52900,11.44600,0.00000,-0.88000
68-48-2-8,8-48-37-93,9.15400,9.11300,7.11600,10.85800,1.00000,0.29300
68-48-2-8,8-48-37-93,9.57700,8.90800,7.18200,10.79900,1.00000,0.50400
68-48-2-8,8-48-37-93,9.39500,9.47500,7.30000,11.32700,1.00000,0.24300
68-48-2-8,8-48-37-93,9.19700,9.30300,6.93300,11.64300,0.00000,-0.07600
68-48-2-8,8-48-37-93,9.58200,8.55700,7.03400,11.69400,0.00000,-0.58900
68-48-2-8,8-48-37-93,9.18900,9.32300,7.26100,11.08900,1.00000,0.16200
68-48-2-8,8-48-37-93,9.92400,9.78100,7.32500,11.60000,1.00000,0.78000
68-48-2-8,8-48-37-93,9.07200,9.49200,7.25000,11.65100,0.00000,-0.33700
68-48-2-8,8-48-37-93,9.06700,9.03400,7.00700,11.54800,0.00000,-0.45400
68-48-2-8,8-48-37-93,9.25200,9.20400,7.74700,11.58900,0.00000,-0.88000
68-48-2-8,8-48-37-93,9.03700,9.53900,7.41700,11.53000,0.00000,-0.37100
68-48-2-8,8-48-37-93,9.50200,9.65800,7.60000,11.38000,1.00000,0.18000
68-48-2-8,8-48-37-93,9.69200,8.90400,7.07500,11.97400,0.00000,-0.45300
68-48-2-8,8-48-37-93,9.50900,8.66200,7.28400,11.28500,0.00000,-0.39800
68-48-2-8,8-48-37-93,8.99600,8.57900,7.34400,11.34600,0.00000,-1.11500
68-48-2-8,8-48-37-93,9.44000,8.80600,6.99000,11.87300,0.00000,-0.61700
68-48-2-8,8-48-37-93,9.83100,9.05900,7.72700,11.47100,0.00000,-0.30800
68-48-2-8,8-48-37-93,9.19700,9.27300,7.03300,12.14200,0.00000,-0.70500
68-48-2-8,8-48-37-93,9.61100,8.78500,6.83400,11.23700,1.00000,0.32500
68-48-2-8,8-48-37-93,9.40600,9.21100,6.70000,11.57900,1.00000,0.33800
68-48-2-8,8-48-37-93,10.02400,8.82600,6.29900,12.02000,1.00000,0.53100
68-48-2-8,8-48-37-93,9.31100,9.42300,6.73100,11.41300,1.00000,0.59000
68-48-2-8,8-48-37-93,9.05100,9.22800,7.44200,11.82200,0.00000,-0.98500
68-48-2-8,8-48-37-93,9.45900,8.45000,6.93200,11.15100,0.00000,-0.17400
68-48-2-8,8-48-37-93,9.52800,9.94200,7.18900,11.56700,1.00000,0.71400
68-48-2-8,8-48-37-93,8.95300,8.86700,7.44000,11.45100,0.00000,-1.07100
68-48-2-8,8-48-37-93,9.11900,8.89100,7.34000,12.07600,0.00000,-1.40600
68-48-2-8,8-48-37-93,9.55200,9.15800,7.31100,11.33000,1.00000,0.06900
68-48-2-8,8-48-37-93,10.01200,8.92300,6.83600,11.20900,1.00000,0.89000
68-48-2-8,8-48-37-93,8.96700,9.40500,7.26100,11.22700,0.00000,-0.11600
68-48-2-8,8-48-37-93,9.49400,9.41900,6.58200,11.53000,1.00000,0.80100
68-48-2-8,8-48-37-93,9.13400,9.13500,7.48000,10.94800,0.00000,-0.15900
68-48-2-8,8-48-37-93,9.34600,9.53600,7.19400,11.19300,1.00000,0.49500
68-48-2-8,8-48-37-93,9.81700,9.00100,7.34400,11.30200,1.00000,0.17200
68-48-2-8,8-48-37-93,9.24700,8.57800,6.62300,10.96200,1.00000,0.24000
68-48-2-8,8-48-37-93,8.70800,8.93400,6.49400,11.66200,0.00000,-0.51400
68-48-2-8,8-48-37-93,9.76700,8.98900,6.86400,11.32600,1.00000,0.56600
68-48-2-8,8-48-37-93,9.38300,8.99800,7.17400,10.78200,1.00000,0.42500
68-48-2-8,8-48-37-93,9.66600,9.61000,7.25600,12.25200,0.00000,-0.23200
68-48-2-8,8-48-37-93,9.10700,9.43500,8.10600,11.55000,0.00000,-1.11400
68-48-2-8,8-48-37-93,10.27900,9.60500,7.04200,11.88600,1.00000,0.95600
68-48-2-8,8-48-37-93,9.45900,9.56700,6.98300,11.85200,1.00000,0.19100
68-48-2-8,8-48-37-93,9.01100,8.96900,7.49000,11.03600,0.00000,-0.54600
68-48-2-8,8-48-37-93,9.35800,9.53600,6.93200,11.58600,1.00000,0.37600
68-48-2-8,8-48-37-93,8.99100,9.07300,6.60600,11.20100,1.00000,0.25700
68-48-2-8,8-48-37-93,9.26200,9.40900,6.83300,11.37400,1.00000,0.46400
68-48-2-8,8-48-37-93,9.35900,8.68700,7.44700,11.55200,0.00000,-0.95300
68-48-2-8,8-48-37-93,9.79100,8.95600,7.09100,11.35700,1.00000,0.29900
68-48-2-8,8-48-37-93,8.51900,9.05100,7.44800,11.28000,0.00000,-1.15800
68-48-2-8,8-48-37-93,8.99400,9.32700,6.44100,11.96700,0.00000,-0.08700
68-48-2-8,8-48-37-93,9.38300,9.31300,7.01000,11.20800,1.00000,0.47800
68-48-2-8,8-48-37-93,9.88100,9.47100,7.24200,11.14000,1.00000,0.97000
68-48-2-8,8-48-37-93,9.40500,9.02800,7.20700,11.30200,0.00000,-0.07600
68-48-2-8,8-48-37-93,9.85500,8.96900,6.81600,11.62300,1.00000,0.38500
68-48-2-8,8-48-37-93,9.41400,9.56400,6.65800,11.65900,1.00000,0.66100
68-48-2-8,8-48-37-93,9.22400,9.40100,7.02300,11.50300,1.00000,0.09900
68-48-2-8,8-48-37-93,9.17100,9.15700,7.40900,10.80400,1.00000,0.11500
68-48-2-8,8-48-37-93,9.22100,9.40500,6.96300,11.29700,1.00000,0.36600
68-48-2-8,8-48-37-93,9.41700,9.16700,6.48500,10.90200,1.00000,1.19700
68-48-2-8,8-48-37-93,9.72500,8.70300,7.50900,11.31300,0.00000,-0.39400
68-48-2-8,8-48-37-93,8.85400,9.15000,7.16800,11.60400,0.00000,-0.76800
68-48-2-8,8-48-37-93,9.65000,9.28800,7.34600,11.57900,1.00000,0.01300
68-48-2-8,8-48-37-93,9.81000,8.58300,7.29800,11.65800,0.00000,-0.56300
68-48-2-8,8-48-37-93,9.34100,8.91600,7.36100,11.15400,0.00000,-0.25800
68-48-2-8,8-48-37-93,9.27900,9.02500,7.36800,11.97600,0.00000,-1.04000
68-48-2-8,8-48-37-93,9.47100,9.06000,7.24700,11.59700,0.00000,-0.31300
68-48-2-8,8-48-37-93,9.17800,9.00600,7.03100,11.29900,0.00000,-0.14600
68-48-2-8,8-48-37-93,9.32100,9.24800,6.96400,10.91100,1.00000,0.69400
68-48-2-8,8-48-37-93,9.36600,8.94300,6.78500,11.70500,0.00000,-0.18100
68-48-2-8,8-48-37-93,9.23000,9.40800,7.17300,11.32000,1.00000,0.14500
68-48-2-8,8-48-37-93,9.17000,9.04500,7.45900,11.25200,0.00000,-0.49600
68-48-2-8,8-48-37-93,9.15600,9.77700,7.07600,11.27800,1.00000,0.57900
68-48-2-8,8-48-37-93,8.96400,9.39200,7.01500,11.48300,0.00000,-0.14200
68-48-2-8,8-48-37-93,9.48000,9.08000,7.06000,11.19100,1.00000,0.30900
68-48-2-8,8-48-37-93,9.66100,9.14700,6.80700,10.87800,1.00000,1.12300
68-48-2-8,8-48-37-93,9.27400,9.10300,7.72200,11.08000,0.00000,-0.42500
68-48-2-8,8-48-37-93,9.85700,9.44000,7.65600,11.43100,1.00000,0.21000
68-48-2-8,8-48-37-93,9.56100,9.35400,7.03600,11.64800,1.00000,0.23100
68-48-2-8,8-48-37-93,8.98800,9.43800,7.18200,11.82300,0.00000,-0.57900
68-48-2-8,8-48-37-93,9.07100,9.24200,7.06700,10.95100,1.00000,0.29500
68-48-2-8,8-48-37-93,9.25700,9.15800,6.69700,10.89100,1.00000,0.82700
68-48-2-8,8-48-37-93,9.82300,9.57100,7.00900,10.97400,1.00000,1.41100
68-48-2-8,8-48-37-93,9.20900,9.57700,6.99400,11.36100,1.00000,0.43100
68-48-2-8,8-48-37-93,9.58400,9.18800,7.00600,12.13900,0.00000,-0.37300
68-48-2-8,8-48-37-93,9.74700,9.40500,6.96100,11.50400,1.00000,0.68700
68-48-2-8,8-48-37-93,9.36100,9.65400,7.34400,11.02200,1.00000,0.64900
68-48-2-8,8-48-37-93,9.53900,9.25900,6.66300,11.06500,1.00000,1.07000
68-48-2-8,8-48-37-93,9.19200,8.95400,6.99100,11.73000,0.00000,-0.57500
68-48-2-8,8-48-37-93,9.38300,8.89200,7.21000,11.90500,0.00000,-0.84000
68-48-2-8,8-48-37-93,9.14900,9.35700,7.17200,11.41300,0.00000,-0.07900
68-48-2-8,8-48-37-93,9.55200,9.57300,6.79500,11.44000,1.00000,0.89000
68-48-2-8,8-48-37-93,9.54400,8.92300,7.07200,11.26800,1.00000,0.12700
68-48-2-8,8-48-37-93,8.91500,9.38100,7.34700,11.22000,0.00000,-0.27100
68-48-2-8,8-48-37-93,9.72500,9.51100,7.26500,10.97000,1.00000,1.00100
68-48-2-8,8-48-37-93,9.64500,9.77800,7.24700,10.77800,1.00000,1.39800
68-48-2-8,8-48-37-93,9.43800,9.07300,7.55900,11.36000,0.00000,-0.40800
68-48-2-8,8-48-37-93,9.40800,8.70400,6.54000,11.57700,0.00000,-0.00500
68-48-2-8,8-48-37-93,9.66400,9.58100,7.17300,11.37900,1.00000,0.69300
68-48-2-8,8-48-37-93,9.62100,9.40600,7.53900,11.13400,1.00000,0.35400
68-48-2-8,8-48-37-93,9.42200,9.37500,7.12000,11.69900,0.00000,-0.02200
68-48-2-8,8-48-37-93,9.96900,9.54100,7.29500,11.14500,1.00000,1.07000
68-48-2-8,8-48-37-93,8.96700,8.75600,6.76900,11.12300,0.00000,-0.16900
68-48-2-8,8-48-37-93,9.04900,9.48000,7.20400,11.44300,0.00000,-0.11800
68-48-2-8,8-48-37-93,9.69700,9.68700,7.63800,11.12600,1.00000,0.62000
68-48-2-8,8-48-37-93,9.38400,9.17800,7.57200,12.03200,0.00000,-1.04200
68-48-2-8,8-48-37-93,8.94900,8.78000,6.84400,11.37100,0.00000,-0.48600
68-48-2-8,8-48-37-93,9.07400,9.06500,6.84800,11.33600,0.00000,-0.04500
68-48-2-8,8-48-37-93,9.34100,8.95300,7.49500,11.19800,0.00000,-0.39900
68-48-2-8,8-48-37-93,9.28500,9.33100,7.17500,11.04700,1.00000,0.39400
68-48-2-8,8-48-37-93,9.03600,9.43900,7.11000,11.70000,0.00000,-0.33500
68-48-2-8,8-48-37-93,9.11400,9.01400,7.41800,11.44500,0.00000,-0.73500
68-48-2-8,8-48-37-93,9.70200,9.23600,7.02400,11.24200,1.00000,0.67200
68-48-2-8,8-48-37-93,9.44000,9.42000,7.12500,11.36200,1.00000,0.37300
68-48-2-8,8-48-37-93,9.74700,9.32600,7.26400,10.88500,1.00000,0.92400
68-48-2-8,8-48-37-93,8.76500,9.41900,7.49300,11.42400,0.00000,-0.73300
68-48-2-8,8-48-37-93,9.12900,9.06300,6.77300,10.76900,1.00000,0.65000
68-48-2-8,8-48-37-93,8.97800,9.04400,6.23800,11.23800,1.00000,0.54600
68-48-2-8,8-48-37-93,9.51300,9.23200,7.27400,11.54100,0.00000,-0.07000
68-48-2-8,8-48-37-93,9.25300,9.92000,6.73900,11.49200,1.00000,0.94200
68-48-2-8,8-48-37-93,9.45000,8.75300,7.29400,11.29300,0.00000,-0.38400
68-48-2-8,8-48-37-93,9.11400,8.58500,6.87600,10.97700,0.00000,-0.15400
68-48-2-8,8-48-37-93,9.55800,8.68200,6.66800,12.11300,0.00000,-0.54100
68-48-2-8,8-48-37-93,9.29600,8.68800,7.01000,11.11000,0.00000,-0.13600
68-48-2-8,8-48-37-93,9.33100,9.37100,7.46600,11.46200,0.00000,-0.22600
68-48-2-8,8-48-37-93,9.38800,9.09900,6.97000,11.69900,0.00000,-0.18200
68-48-2-8,8-48-37-93,9.04200,8.85900,7.70500,11.47800,0.00000,-1.28200
68-48-2-8,8-48-37-93,8.99100,8.72700,7.08700,11.29600,0.00000,-0.66500
68-48-2-8,8-48-37-93,8.74100,8.59600,7.19900,11.51100,0.00000,-1.37300
68-48-2-8,8-48-37-93,8.93900,9.29600,6.89900,11.82700,0.00000,-0.49100
68-48-2-8,8-48-37-93,9.35000,9.62500,7.08000,11.18600,1.00000,0.70900
68-48-2-8,8-48-37-93,9.93300,9.32600,7.77700,10.92500,1.00000,0.55700
68-48-2-8,8-48-37-93,9.21500,9.01400,7.00300,11.43700,0.00000,-0.21100
68-48-2-8,8-48-37-93,9.43200,9.18000,6.97900,11.37500,1.00000,0.25800
68-48-2-8,8-48-37-93,9.33300,8.99400,7.06100,11.37800,0.00000,-0.11200
68-48-2-8,8-48-37-93,9.37500,9.12300,7.11700,11.00200,1.00000,0.37900
68-48-2-8,8-48-37-93,9.06500,8.89800,7.33900,11.31400,0.00000,-0.69000
68-48-2-8,8-48-37-93,9.51600,9.66500,7.36200,11.74800,1.00000,0.07100
68-48-2-8,8-48-37-93,9.25400,9.59500,7.36800,11.19900,1.00000,0.28200
68-48-2-8,8-48-37-93,9.83400,9.31400,6.83600,11.12500,1.00000,1.18700
68-48-2-8,8-48-37-93,9.02600,8.64100,6.51100,11.32300,0.00000,-0.16700
68-48-2-8,8-48-37-93,8.88700,9.50300,6.68200,11.94000,0.00000,-0.23200
68-48-2-8,8-48-37-93,9.00200,9.33200,6.91000,10.85000,1.00000,0.57400
68-48-2-8,8-48-37-93,8.91900,9.03500,7.63600,11.64200,0.00000,-1.32400
68-48-2-8,8-48-37-93,9.49300,9.11900,7.67600,11.21500,0.00000,-0.27900
68-48-2-8,8-48-37-93,9.40400,8.91600,6.96100,11.57500,0.00000,-0.21600
68-48-2-8,8-48-37-93,9.24700,9.33700,7.47000,11.37900,0.00000,-0.26500
68-48-2-8,8-48-37-93,9.46000,9.48100,7.20900,11.36500,1.00000,0.36700
68-48-2-8,8-48-37-93,8.94900,9.36700,6.49500,11.04600,1.00000,0.77500
68-48-2-8,8-48-37-93,9.20400,8.62300,7.56600,11.57700,0.00000,-1.31600
68-48-2-8,8-48-37-93,8.92800,9.06500,7.21200,11.10700,0.00000,-0.32600
68-48-2-8,8-48-37-93,9.59700,8.44400,6.95500,10.81800,1.00000,0.26800
68-48-2-8,8-48-37-93,9.56600,8.90100,6.73900,11.98900,0.00000,-0.26100
68-48-2-8,8-48-37-93,9.54000,9.07100,7.32700,11.77600,0.00000,-0.49200
68-48-2-8,8-48-37-93,9.52600,9.23900,7.29200,11.27500,1.00000,0.19800
68-48-2-8,8-48-37-93,9.51400,9.41000,7.04700,11.30500,1.00000,0.57200
68-48-2-8,8-48-37-93,9.61700,8.21500,6.92900,11.26000,0.00000,-0.35700
68-48-2-8,8-48-37-93,9.70000,8.87200,6.59800,11.50300,1.00000,0.47100
68-48-2-8,8-48-37-93,9.30500,9.78000,7.67600,11.86400,0.00000,-0.45500
68-48-2-8,8-48-37-93,9.86800,9.69000,6.81300,11.47800,1.00000,1.26700
68-48-2-8,8-48-37-93,9.31600,8.96700,7.15900,11.31300,0.00000,-0.18900
68-48-2-8,8-48-37-93,8.99900,9.48700,7.81500,11.86300,0.00000,-1.19200
68-48-2-8,8-48-37-93,8.91700,8.95500,6.68900,11.29200,0.00000,-0.10900
68-48-2-8,8-48-37-93,9.91100,9.23300,7.48300,11.16400,1.00000,0.49700
68-48-2-8,8-48-37-93,9.54900,9.64300,6.72400,12.05500,1.00000,0.41300
68-48-2-8,8-48-37-93,9.02100,9.11700,7.90700,11.03400,0.00000,-0.80300
68-48-2-8,8-48-37-93,9.89400,9.31100,6.80400,11.25000,1.00000,1.15100
68-48-2-8,8-48-37-93,9.15300,9.45800,7.29400,10.90800,1.00000,0.40900
68-48-2-8,8-48-37-93,9.35800,8.55900,7.16200,11.11900,0.00000,-0.36400
68-48-2-8,8-48-37-93,9.48200,9.11000,7.24400,11.81900,0.00000,-0.47100
68-48-2-8,8-48-37-93,9.04000,9.51500,7.27000,11.21400,1.00000,0.07100
68-48-2-8,8-48-37-93,9.66800,9.10100,6.85100,10.97900,1.00000,0.93900
68-48-2-8,8-48-37-93,8.86200,9.52300,7.85600,11.95800,0.00000,-1.42900
68-48-2-8,8-48-37-93,9.86800,9.39900,7.55000,11.24100,1.00000,0.47600
68-48-2-8,8-48-37-93,9.34200,9.42700,7.47300,12.38600,0.00000,-1.09000
68-48-2-8,8-48-37-93,9.47800,9.13100,6.77000,11.42600,1.00000,0.41300
68-48-2-8,8-48-37-93,9.52400,9.13600,7.49300,11.70400,0.00000,-0.53700
68-48-2-8,8-48-37-93,9.43400,8.78600,7.29100,11.52700,0.00000,-0.59800
68-48-2-8,8-48-37-93,9.80600,9.39600,6.36100,11.19600,1.00000,1.64500
68-48-2-8,8-48-37-93,9.65200,9.31000,7.05200,11.49600,1.00000,0.41400
68-48-2-8,8-48-37-93,9.38700,8.63500,6.35500,11.38300,1.00000,0.28400
68-48-2-8,8-48-37-93,9.15700,8.74200,6.86500,11.50000,0.00000,-0.46600
68-48-2-8,8-48-37-93,9.11600,9.03900,6.86500,10.97000,1.00000,0.32000
68-48-2-8,8-48-37-93,9.54800,9.22800,7.41700,11.48400,0.00000,-0.12500
68-48-2-8,8-48-37-93,9.07800,9.35400,7.29000,11.36800,0.00000,-0.22600
68-48-2-8,8-48-37-93,9.22900,8.79700,7.08300,11.56900,0.00000,-0.62600
68-48-2-8,8-48-37-93,9.59700,9.70200,7.18400,11.31800,1.00000,0.79700
68-48-2-8,8-48-37-93,9.12800,9.73100,7.31700,11.37800,1.00000,0.16400
68-48-2-8,8-48-37-93,10.39000,8.97000,7.64700,11.24800,1.00000,0.46500
68-48-2-8,8-48-37-93,9.85300,8.78500,7.03000,10.85200,1.00000,0.75600
68-48-2-8,8-48-37-93,9.90800,8.82200,7.16000,11.55900,1.00000,0.01100
68-48-2-8,8-48-37-93,10.14300,9.59700,7.20200,11.23500,1.00000,1.30300
68-48-2-8,8-48-37-93,9.12400,9.58400,6.95500,11.02900,1.00000,0.72400
68-48-2-8,8-48-37-93,9.41200,9.11500,7.01700,11.95200,0.00000,-0.44200
68-48-2-8,8-48-37-93,9.44600,8.87500,7.33100,11.64900,0.00000,-0.65900
68-48-2-8,8-48-37-93,9.76500,9.51500,7.53400,11.77000,0.00000,-0.02400
68-48-2-8,8-48-37-93,9.65100,9.59900,7.25500,10.91100,1.00000,1.08400
68-48-2-8,8-48-37-93,9.74800,9.30500,6.70200,11.27400,1.00000,1.07700
68-48-2-8,8-48-37-93,9.48900,9.23500,6.73200,11.56400,1.00000,0.42800
68-48-2-8,8-48-37-93,9.30700,8.75500,7.52400,11.46000,0.00000,-0.92200
68-48-2-8,8-48-37-93,9.60400,8.64100,7.37500,11.31400,0.00000,-0.44400
68-48-2-8,8-48-37-93,9.11500,9.45800,6.48200,11.58300,1.00000,0.50800
68-48-2-8,8-48-37-93,9.75500,9.02900,6.36000,11.53700,1.00000,0.88700
68-48-2-8,8-48-37-93,9.44700,8.70400,7.50200,11.22600,0.00000,-0.57700
68-48-2-8,8-48-37-93,9.27200,9.53500,6.85000,11.05400,1.00000,0.90300
68-48-2-8,8-48-37-93,9.14100,9.37600,7.91300,11.31000,0.00000,-0.70600
68-48-2-8,8-48-37-93,9.79700,9.13300,6.59400,11.27600,1.00000,1.06000
68-48-2-8,8-48-37-93,9.58400,8.92700,6.51500,11.83700,1.00000,0.15900
68-48-2-8,8-48-37-93,9.69400,8.87900,7.32300,11.36100,0.00000,-0.11100
68-48-2-8,8-48-37-93,9.51600,9.06000,7.54800,11.70800,0.00000,-0.68000
68-48-2-8,8-48-37-93,9.42500,9.11400,6.85200,11.47300,1.00000,0.21400
68-48-2-8,8-48-37-93,9.93000,8.99200,7.34100,10.97000,1.00000,0.61100
68-48-2-8,8-48-37-93,9.94900,9.23800,7.00000,11.78900,1.00000,0.39800
68-48-2-8,8-48-37-93,9.43100,9.18900,7.16500,10.76500,1.00000,0.69000
68-48-2-8,8-48-37-93,9.06500,9.00300,7.73100,11.31400,0.00000,-0.97700
68-48-2-8,8-48-37-93,9.58600,9.40200,6.82500,11.33800,1.00000,0.82500
68-48-2-8,8-48-37-93,9.24600,9.09700,7.15100,11.58800,0.00000,-0.39600
68-48-2-8,8-48-37-93,8.80300,9.23500,7.82800,10.88500,0.00000,-0.67500
68-48-2-8,8-48-37-93,9.46300,9.02500,7.28800,11.10400,1.00000,0.09600
68-48-2-8,8-48-37-93,9.07000,9.46100,7.68600,11.01600,0.00000,-0.17100
68-48-2-8,8-48-37-93,8.39200,9.12700,7.03300,10.68700,0.00000,-0.20100
68-48-2-8,8-48-37-93,9.49400,9.27800,6.49200,11.68600,1.00000,0.59400
68-48-2-8,8-48-37-93,9.08500,9.30100,6.71500,11.70900,0.00000,-0.03800
68-48-2-8,8-48-37-93,9.23200,9.60600,6.85300,11.65600,1.00000,0.32900
68-48-2-8,8-48-37-93,8.88400,9.32500,7.41800,11.23400,0.00000,-0.44300
68-48-2-8,8-48-37-93,9.66500,8.72000,7.13700,11.64100,0.00000,-0.39300
68-48-2-8,8-48-37-93,9.54200,9.20700,7.06500,11.53400,1.00000,0.15000
68-48-2-8,8-48-37-93,9.76600,9.10500,6.98700,11.41800,1.00000,0.46600
68-48-2-8,8-48-37-93,9.10100,9.15200,7.13100,10.94800,1.00000,0.17400
68-48-2-8,8-48-37-93,8.57700,8.98800,7.16900,11.37800,0.00000,-0.98200
68-48-2-8,8-48-37-93,9.53900,9.48200,7.39700,11.16400,1.00000,0.46000
68-48-2-8,8-48-37-93,9.91400,8.97800,7.19500,11.16900,1.00000,0.52800
68-48-2-8,8-48-37-93,8.89900,8.86500,7.53300,11.23000,0.00000,-0.99900
68-48-2-8,8-48-37-93,9.48900,9.45400,7.18500,11.35500,1.00000,0.40300
68-48-2-8,8-48-37-93,9.02200,8.78000,7.03200,11.44900,0.00000,-0.67900
68-48-2-8,8-48-37-93,9.31300,8.73500,7.07600,11.30400,0.00000,-0.33200
68-48-2-8,8-48-37-93,9.47200,9.20100,7.41300,11.58100,0.00000,-0.32100
68-48-2-8,8-48-37-93,9.69900,9.10600,7.29200,11.54500,0.00000,-0.03200
68-48-2-8,8-48-37-93,9.27200,9.13700,7.25400,11.12800,1.00000,0.02700
68-48-2-8,8-48-37-93,8.69300,9.16600,7.43800,11.15700,0.00000,-0.73600
68-48-2-8,8-48-37-93,9.18000,9.27800,7.47600,10.98400,0.00000,-0.00200
68-48-2-8,8-48-37-93,9.42100,8.73900,7.18400,11.28600,0.00000,-0.31000
68-48-2-8,8-48-37-93,9.27000,9.02400,6.90900,11.25000,1.00000,0.13500
68-48-2-8,8-48-37-93,9.03100,9.21400,6.59100,11.48700,1.00000,0.16700
68-48-2-8,8-48-37-93,9.12500,9.04100,7.04200,11.05200,1.00000,0.07200
68-48-2-8,8-48-37-93,10.01400,9.75600,6.78200,11.92200,1.00000,1.06600
68-48-2-8,8-48-37-93,9.48700,8.94300,6.75600,11.35000,1.00000,0.32400
68-48-2-8,8-48-37-93,10.08000,9.37000,7.34900,11.40500,1.00000,0.69600
68-48-2-8,8-48-37-93,9.55900,9.93100,7.26200,11.54900,1.00000,0.67900
68-48-2-8,8-48-37-93,9.22600,9.05400,6.65300,10.97200,1.00000,0.65500
68-48-2-8,8-48-37-93,9.94200,8.81700,7.74000,10.69600,1.00000,0.32300
68-48-2-8,8-48-37-93,9.59700,8.99000,6.66500,11.49900,1.00000,0.42300
68-48-2-8,8-48-37-93,9.05000,9.31100,7.09200,11.52700,0.00000,-0.25800
68-48-2-8,8-48-37-93,9.37900,9.24500,7.05300,11.46500,1.00000,0.10600
68-48-2-8,8-48-37-93,9.58500,9.15100,7.50600,12.08800,0.00000,-0.85800
68-48-2-8,8-48-37-93,9.33400,9.14000,7.30200,11.42700,0.00000,-0.25500
68-48-2-8,8-48-37-93,8.83000,8.87900,7.15200,11.48500,0.00000,-0.92800
68-48-2-8,8-48-37-93,9.11700,9.27600,6.90300,11.25900,1.00000,0.23100
68-48-2-8,8-48-37-93,9.56200,9.38800,7.55600,11.21700,1.00000,0.17700
68-48-2-8,8-48-37-93,9.11300,8.54000,6.63800,11.58300,0.00000,-0.56800
68-48-2-8,8-48-37-93,9.20000,9.35500,7.46100,11.23500,0.00000,-0.14100
68-48-2-8,8-48-37-93,8.97200,9.12600,7.47200,11.09600,0.00000,-0.47000
68-48-2-8,8-48-37-93,9.29000,8.76800,7.34100,11.32700,0.00000,-0.61000
68-48-2-8,8-48-37-93,8.82000,9.29400,7.63700,10.79800,0.00000,-0.32100
68-48-2-8,8-48-37-93,9.63100,9.50900,6.98400,11.60900,1.00000,0.54700
68-48-2-8,8-48-37-93,9.15200,9.06700,7.48600,11.24500,0.00000,-0.51200
68-48-2-8,8-48-37-93,9.46000,8.88900,6.93200,11.73000,0.00000,-0.31300
68-48-2-8,8-48-37-93,9.04000,9.06100,6.75500,11.27100,1.00000,0.07500
68-48-2-8,8-48-37-93,8.66100,9.10200,7.29900,11.56100,0.00000,-1.09700
68-48-2-8,8-48-37-93,9.26700,9.17500,7.53500,11.64400,0.00000,-0.73700
68-48-2-8,8-48-37-93,9.10700,9.36000,7.16200,11.70800,0.00000,-0.40300
68-48-2-8,8-48-37-93,9.17000,8.96100,6.80900,11.08200,1.00000,0.24000
68-48-2-8,8-48-37-93,9.28800,9.15400,6.82900,11.47600,1.00000,0.13700
68-48-2-8,8-48-37-93,9.61600,9.53400,6.84500,11.66400,1.00000,0.64100
68-48-2-8,8-48-37-93,8.64300,9.29700,7.49700,11.81900,0.00000,-1.37600
68-48-2-8,8-48-37-93,9.37900,8.95400,7.12100,11.19100,1.00000,0.02100
68-48-2-8,8-48-37-93,9.20700,9.11500,7.70200,11.06100,0.00000,-0.44100
68-48-2-8,8-48-37-93,9.58800,9.39100,6.87100,11.18200,1.00000,0.92600
68-48-2-8,8-48-37-93,9.57000,9.12100,7.21900,11.25800,1.00000,0.21400
68-48-2-8,8-48-37-93,9.27300,8.85000,6.95100,11.63400,0.00000,-0.46200
68-48-2-8,8-48-37-93,8.86700,8.89300,7.05100,11.43900,0.00000,-0.73000
68-48-2-8,8-48-37-93,9.14400,9.37800,7.14800,11.57900,0.00000,-0.20500
68-48-2-8,8-48-37-93,10.08900,8.82100,7.48300,11.77600,0.00000,-0.34900
68-48-2-8,8-48-37-93,9.30000,9.27100,7.30500,11.17600,1.00000,0.09000
68-48-2-8,8-48-37-93,9.67900,9.13500,7.56500,11.15100,1.00000,0.09800
68-48-2-8,8-48-37-93,9.26500,9.14700,7.64200,11.08000,0.00000,-0.31000
68-48-2-8,8-48-37-93,9.48200,9.02200,7.16700,11.41400,0.00000,-0.07700
68-48-2-8,8-48-37-93,9.91700,8.55400,6.70300,11.57500,1.00000,0.19300
68-48-2-8,8-48-37-93,9.74600,8.92100,7.69600,11.57700,0.00000,-0.60600
68-48-2-8,8-48-37-93,9.63100,9.48800,7.31500,11.09800,1.00000,0.70600
68-48-2-8,8-48-37-93,9.65300,8.93200,7.31100,11.47800,0.00000,-0.20400
68-48-2-8,8-48-37-93,8.96900,9.03500,6.78300,11.49300,0.00000,-0.27200
68-48-2-8,8-48-37-93,8.89500,9.36500,6.93700,11.80100,0.00000,-0.47800
68-48-2-8,8-48-37-93,9.66300,9.13000,7.04100,11.60200,1.00000,0.15000
68-48-2-8,8-48-37-93,8.97500,9.71300,7.15100,10.91500,1.00000,0.62200
68-48-2-8,8-48-37-93,9.97600,9.53300,8.24800,11.75200,0.00000,-0.49100
68-48-2-8,8-48-37-93,9.08300,8.96900,7.48200,11.51400,0.00000,-0.94400
68-48-2-8,8-48-37-93,9.59100,9.08900,6.98900,11.52800,1.00000,0.16300
68-48-2-8,8-48-37-93,9.56400,9.23000,7.02600,11.33000,1.00000,0.43800
68-48-2-8,8-48-37-93,10.00400,8.87600,6.72900,12.20100,0.00000,-0.05000
68-48-2-8,8-48-37-93,8.53600,8.87400,7.34500,11.14100,0.00000,-1.07600
68-48-2-8,8-48-37-93,9.24100,9.57800,6.78800,12.19900,0.00000,-0.16800
68-48-2-8,8-48-37-93,9.19500,9.45900,7.55100,10.80800,1.00000,0.29500
68-48-2-8,8-48-37-93,9.13600,8.85400,7.26900,10.61000,1.00000,0.11100
68-48-2-8,8-48-37-93,9.45000,8.96500,7.33600,11.26500,0.00000,-0.18600
68-48-2-8,8-48-37-93,9.20600,8.34700,7.14600,11.19100,0.00000,-0.78400
68-48-2-8,8-48-37-93,9.37600,9.02200,6.64800,11.29900,1.00000,0.45100
68-48-2-8,8-48-37-93,9.13600,9.29600,7.04200,10.89800,1.00000,0.49200
68-48-2-8,8-48-37-93,9.86900,9.49600,7.08500,11.94700,1.00000,0.33300
68-48-2-8,8-48-37-93,8.85700,8.78400,7.76000,11.38100,0.00000,-1.50000
68-48-2-8,8-48-37-93,9.56700,9.00500,7.24100,11.79100,0.00000,-0.46000
68-48-2-8,8-48-37-93,9.16700,9.07200,7.06000,11.50600,0.00000,-0.32700
68-48-2-8,8-48-37-93,9.60700,9.51600,7.60800,11.33600,1.00000,0.17900
68-48-2-8,8-48-37-93,9.26400,9.15900,7.24700,11.34800,0.00000,-0.17200
68-48-2-8,8-48-37-93,9.06000,9.18600,7.57700,11.36000,0.00000,-0.69100
68-48-2-8,8-48-37-93,8.82100,8.75900,7.35000,10.73200,0.00000,-0.50200
68-48-2-8,8-48-37-93,9.79700,8.77300,6.65100,11.54000,1.00000,0.37900
68-48-2-8,8-48-37-93,9.17200,9.12600,7.72000,11.05200,0.00000,-0.47400
68-48-2-8,8-48-37-93,9.47100,8.87100,6.80700,11.27000,1.00000,0.26500
68-48-2-8,8-48-37-93,9.19100,8.83200,7.50300,11.92000,0.00000,-1.40000
68-48-2-8,8-48-37-93,9.69600,8.96900,6.98600,11.47300,1.00000,0.20600
68-48-2-8,8-48-37-93,9.39600,9.51300,7.00200,12.03700,0.00000,-0.13000
68-48-2-8,8-48-37-93,9.27400,9.21300,7.36900,11.03800,1.00000,0.08000
68-48-2-8,8-48-37-93,9.21700,9.58500,6.95800,12.19500,0.00000,-0.35100
68-48-2-8,8-48-37-93,9.45100,9.32800,6.94100,11.64200,1.00000,0.19600
68-48-2-8,8-48-37-93,9.49500,9.52800,6.50800,10.77800,1.00000,1.73700
68-48-2-8,8-48-37-93,9.38600,9.20200,7.14900,11.29300,1.00000,0.14600
68-48-2-8,8-48-37-93,9.16600,8.93700,6.80200,11.58700,0.00000,-0.28600
68-48-2-8,8-48-37-93,8.98600,9.71500,6.84900,10.86600,1.00000,0.98600
68-48-2-8,8-48-37-93,9.37500,9.58400,6.58200,11.20900,1.00000,1.16800
68-48-2-8,8-48-37-93,9.32400,9.07800,6.93800,11.31300,1.00000,0.15100
68-48-2-8,8-48-37-93,9.46200,9.26900,7.16600,11.07000,1.00000,0.49500
68-48-2-8,8-48-37-93,9.86600,8.84300,7.33600,11.34000,1.00000,0.03300
68-48-2-8,8-48-37-93,9.43200,9.53600,6.82300,11.39500,1.00000,0.75000
68-48-2-8,8-48-37-93,9.33800,9.05900,6.80400,12.30000,0.00000,-0.70700
68-48-2-8,8-48-37-93,9.13900,9.04700,7.70500,11.71100,0.00000,-1.23000
68-48-2-8,8-48-37-93,9.08900,9.51900,6.72900,11.82900,1.00000,0.05000
68-48-2-8,8-48-37-93,9.29200,9.14400,6.70000,11.74300,0.00000,-0.00700
68-48-2-8,8-48-37-93,9.58000,9.21100,7.05000,11.35000,1.00000,0.39100
68-48-2-8,8-48-37-93,9.83800,9.02400,7.49600,11.48000,0.00000,-0.11400
68-48-2-8,8-48-37-93,8.96600,9.09000,7.27000,11.93600,0.00000,-1.15000
68-48-2-8,8-48-37-93,9.00400,9.59600,7.35600,11.53500,0.00000,-0.29100
68-48-2-8,8-48-37-93,9.74500,8.62300,7.42300,11.27300,0.00000,-0.32800
68-48-2-8,8-48-37-93,9.66600,8.93200,6.79700,10.91000,1.00000,0.89100
68-48-2-8,8-48-37-93,9.72400,8.99000,7.70000,11.40300,0.00000,-0.38900
68-48-2-8,8-48-37-93,9.33500,9.16200,6.85600,11.51000,1.00000,0.13100
68-48-2-8,8-48-37-93,9.09700,8.92800,7.22900,11.36800,0.00000,-0.57200
68-48-2-8,8-48-37-93,8.94100,9.32800,7.25700,11.49900,0.00000,-0.48700
68-48-2-8,8-48-37-93,8.97200,9.29200,6.87200,10.83500,1.00000,0.55700
68-48-2-8,8-48-37-93,10.12700,8.89300,6.94900,10.87000,1.00000,1.20100
68-48-2-8,8-48-37-93,9.13400,9.57100,6.62100,11.50700,1.00000,0.57700
68-48-2-8,8-48-37-93,9.52500,8.47100,6.58400,11.60500,0.00000,-0.19300
68-48-2-8,8-48-37-93,9.64200,9.34100,7.51600,11.07500,1.00000,0.39200
68-48-2-8,8-48-37-93,9.65500,9.21400,7.19900,10.83100,1.00000,0.83900
68-48-2-8,8-48-37-93,9.76900,9.11800,7.22900,11.19900,1.00000,0.45900
68-48-2-8,8-48-37-93,9.27000,9.56800,6.82400,11.67800,1.00000,0.33600
68-48-2-8,8-48-37-93,9.42300,10.03000,7.22400,11.21200,1.00000,1.01700
68-48-2-8,8-48-37-93,8.51800,9.28100,6.60000,11.33300,0.00000,-0.13400
68-48-2-8,8-48-37-93,9.09800,9.17000,7.30700,11.65000,0.00000,-0.68900
68-48-2-8,8-48-37-93,8.90100,8.99400,6.97000,11.76100,0.00000,-0.83600
68-48-2-8,8-48-37-93,9.17800,9.10800,7.46000,11.44900,0.00000,-0.62300
68-48-2-8,8-48-37-93,9.18100,9.28000,7.37400,11.51800,0.00000,-0.43100
68-48-2-8,8-48-37-93,8.94000,8.85100,6.99200,11.28600,0.00000,-0.48700
68-48-2-8,8-48-37-93,9.59600,9.00700,7.28600,11.24900,1.00000,0.06800
68-48-2-8,8-48-37-93,8.95800,8.71800,6.91700,11.27100,0.00000,-0.51200
68-48-2-8,8-48-37-93,9.32300,9.07700,7.54000,11.52400,0.00000,-0.66400
68-48-2-8,8-48-37-93,9.48300,9.07700,7.72700,11.71700,0.00000,-0.88400
68-48-2-8,8-48-37-93,9.35800,9.03800,7.37800,11.10200,0.00000,-0.08400
68-48-2-8,8-48-37-93,9.39800,9.04800,7.12800,11.28400,1.00000,0.03400
68-48-2-8,8-48-37-93,9.78000,8.72300,7.00700,11.08000,1.00000,0.41600
68-48-2-8,8-48-37-93,9.25400,8.76600,7.41000,11.22500,0.00000,-0.61500
68-48-2-8,8-48-37-93,9.57300,9.23100,6.95600,11.40200,1.00000,0.44600
68-48-2-8,8-48-37-93,9.12500,8.66900,6.94000,11.18200,0.00000,-0.32800
68-48-2-8,8-48-37-93,8.82400,9.21600,7.28000,11.35600,0.00000,-0.59600
68-48-2-8,8-48-37-93,9.55500,9.25600,6.92600,10.95400,1.00000,0.93100
68-48-2-8,8-48-37-93,9.22500,9.14400,6.77000,11.51600,1.00000,0.08300
68-48-2-8,8-48-37-93,9.29100,9.23300,6.98700,11.42300,1.00000,0.11400
68-48-2-8,8-48-37-93,9.57100,8.96900,6.99200,11.16700,1.00000,0.38100
68-48-2-8,8-48-37-93,9.69400,9.31200,6.80000,11.13400,1.00000,1.07200
68-48-2-8,8-48-37-93,9.44300,8.63200,6.83700,11.76400,0.00000,-0.52600
68-48-2-8,8-48-37-93,9.69200,8.93300,7.49900,11.10700,1.00000,0.01900
68-48-2-8,8-48-37-93,9.43900,8.81900,7.32400,12.06400,0.00000,-1.13000
68-48-2-8,8-48-37-93,9.03400,8.96800,6.94200,11.15600,0.00000,-0.09600
68-48-2-8,8-48-37-93,9.31700,7.90200,7.26900,11.42700,0.00000,-1.47700
68-48-2-8,8-48-37-93,9.27600,9.29400,7.11600,11.45200,1.00000,0.00200
68-48-2-8,8-48-37-93,9.24000,9.44600,7.36900,11.33000,0.00000,-0.01300
68-48-2-8,8-48-37-93,9.68200,8.98000,7.02000,11.08700,1.00000,0.55500
68-48-2-8,8-48-37-93,9.42900,8.91800,6.64600,11.16100,1.00000,0.54000
68-48-2-8,8-48-37-93,9.71400,9.23300,6.82900,11.07500,1.00000,1.04300
68-48-2-8,8-48-37-93,9.42800,8.78700,6.77800,11.33500,1.00000,0.10200
68-48-2-8,8-48-37-93,9.53000,8.95700,7.19300,11.24900,1.00000,0.04500
68-48-2-8,8-48-37-93,9.55800,9.21000,7.42600,11.89900,0.00000,-0.55700
68-48-2-8,8-48-37-93,9.36200,8.51100,7.22900,10.97700,0.00000,-0.33300
68-48-2-8,8-48-37-93,9.29500,9.68300,7.19800,12.06900,0.00000,-0.28900
68-48-2-8,8-48-37-93,9.87400,9.17300,6.72400,11.32800,1.00000,0.99500
68-48-2-8,8-48-37-93,9.54800,9.05200,7.32800,11.44400,0.00000,-0.17200
68-48-2-8,8-48-37-93,9.46900,9.46600,7.43000,11.77900,0.00000,-0.27400
68-48-2-8,8-48-37-93,8.99000,9.17100,7.09500,11.41000,0.00000,-0.34400
68-48-2-8,8-48-37-93,9.74000,9.65600,7.32800,11.31300,1.00000,0.75500
68-48-2-8,8-48-37-93,8.83400,8.86800,6.74800,12.06900,0.00000,-1.11500
68-48-2-8,8-48-37-93,9.02300,9.33700,7.11300,11.74700,0.00000,-0.50000
68-48-2-8,8-48-37-93,9.69700,9.14700,7.36400,11.16100,1.00000,0.31900
68-48-2-8,8-48-37-93,9.54900,8.95300,6.92800,11.62200,0.00000,-0.04800
68-48-2-8,8-48-37-93,9.22900,8.76200,7.00900,11.37600,0.00000,-0.39400
68-48-2-8,8-48-37-93,9.48300,9.08900,7.66500,11.31300,0.00000,-0.40600
68-48-2-8,8-48-37-93,9.45600,9.21800,7.62500,11.43700,0.00000,-0.38800
68-48-2-8,8-48-37-93,9.85200,9.38000,7.47200,11.23200,1.00000,0.52800
68-48-2-8,8-48-37-93,9.77600,9.26400,6.97500,11.49200,1.00000,0.57300
68-48-2-8,8-48-37-93,9.04500,8.59600,7.66100,11.59300,0.00000,-1.61300
68-48-2-8,8-48-37-93,9.18700,9.47200,7.53900,11.30700,0.00000,-0.18700
68-48-2-8,8-48-37-93,9.23100,9.16700,7.17300,11.76100,0.00000,-0.53600
68-48-2-8,8-48-37-93,9.58300,8.88300,7.38300,11.55100,0.00000,-0.46800
68-48-2-8,8-48-37-93,9.76100,8.54200,6.87200,11.31200,1.00000,0.11900
68-48-2-8,8-48-37-93,9.04400,9.11200,6.75700,11.54300,0.00000,-0.14400
68-48-2-8,8-48-37-93,9.13900,9.19100,7.72100,11.17800,0.00000,-0.56900
68-48-2-8,8-48-37-93,9.06600,8.77000,7.04000,11.44700,0.00000,-0.65100
68-48-2-8,8-48-37-93,9.52800,9.45000,7.16300,11.50900,1.00000,0.30600
68-48-2-8,8-48-37-93,9.19000,8.88900,6.92300,11.75100,0.00000,-0.59500
68-48-2-8,8-48-37-93,9.20900,8.81000,7.11500,11.26100,0.00000,-0.35700
68-48-2-8,8-48-37-93,9.28200,8.96200,7.26600,11.56300,0.00000,-0.58500
68-48-2-8,8-48-37-93,8.60700,9.89000,7.55600,11.41900,0.00000,-0.47800
68-48-2-8,8-48-37-93,9.60600,9.05700,6.88400,11.49500,1.00000,0.28400
68-48-2-8,8-48-37-93,8.79200,9.22500,7.71500,11.24900,0.00000,-0.94700
68-48-2-8,8-48-37-93,9.56200,9.05700,7.37000,11.74100,0.00000,-0.49200
68-48-2-8,8-48-37-93,9.54400,9.73800,7.12500,11.36500,1.00000,0.79200
68-48-2-8,8-48-37-93,9.10200,9.10200,7.05900,11.47200,0.00000,-0.32700
68-48-2-8,8-48-37-93,9.76600,9.06300,7.73400,10.61700,1.00000,0.47800
68-48-2-8,8-48-37-93,9.41800,9.41600,7.23300,11.76900,0.00000,-0.16800
68-48-2-8,8-48-37-93,9.11100,9.11500,7.11300,12.14500,0.00000,-1.03200
68-48-2-8,8-48-37-93,9.12300,9.33200,7.06800,11.47300,0.00000,-0.08600
68-48-2-8,8-48-37-93,9.24400,8.72900,7.34300,11.67400,0.00000,-1.04400
68-48-2-8,8-48-37-93,9.21200,9.22800,6.97100,11.34000,1.00000,0.12900
68-48-2-8,8-48-37-93,9.44700,9.02300,7.25600,11.29500,0.00000,-0.08100
68-48-2-8,8-48-37-93,8.93400,9.24400,6.61300,10.91300,1.00000,0.65200
68-48-2-8,8-48-37-93,9.70100,8.99200,7.05200,11.36600,1.00000,0.27500
68-48-2-8,8-48-37-93,9.04000,9.27400,7.18800,11.34300,0.00000,-0.21700
68-48-2-8,8-48-37-93,8.91700,8.85600,6.88900,11.17500,0.00000,-0.29100
68-48-2-8,8-48-37-93,9.77800,9.06100,7.01000,11.03000,1.00000,0.79900
68-48-2-8,8-48-37-93,9.67400,9.08000,7.26600,11.15800,1.00000,0.33000
68-48-2-8,8-48-37-93,9.69400,8.80000,6.60100,10.88100,1.00000,1.01200
68-48-2-8,8-48-37-93,9.26900,9.74300,7.09500,11.54800,1.00000,0.36900
68-48-2-8,8-48-37-93,9.85800,8.82600,7.08100,11.00200,1.00000,0.60100
68-48-2-8,8-48-37-93,9.53900,9.10300,6.72400,11.77800,1.00000,0.14000
68-48-2-8,8-48-37-93,9.82000,9.22500,7.30400,11.63600,1.00000,0.10500
68-48-2-8,8-48-37-93,9.31800,9.39300,6.92500,11.98200,0.00000,-0.19600
68-48-2-8,8-48-37-93,9.24900,9.76600,6.90600,11.30400,1.00000,0.80500
68-48-2-8,8-48-37-93,9.03800,9.39800,7.02900,11.34400,1.00000,0.06300
68-48-2-8,8-48-37-93,9.47200,9.58800,7.23600,11.67200,1.00000,0.15200
68-48-2-8,8-48-37-93,9.65800,9.37800,7.50700,11.61500,0.00000,-0.08600
68-48-2-8,8-48-37-93,8.86300,9.17400,6.84300,11.83400,0.00000,-0.64000
68-48-2-8,8-48-37-93,10.36300,9.13900,7.07800,11.31500,1.00000,1.10900
68-48-2-8,8-48-37-93,9.11400,8.77500,7.36900,11.39200,0.00000,-0.87200
68-48-2-8,8-48-37-93,9.42000,9.60000,7.14800,11.16300,1.00000,0.70900
68-48-2-8,8-48-37-93,9.61800,9.55600,7.23400,11.88100,1.00000,0.05900
68-48-2-8,8-48-37-93,9.17100,9.04600,6.86000,11.43300,0.00000,-0.07600
68-48-2-8,8-48-37-93,9.49400,9.20100,7.50500,11.28900,0.00000,-0.09900
68-48-2-8,8-48-37-93,9.25100,8.95900,7.32100,11.47400,0.00000,-0.58500
68-48-2-8,8-48-37-93,8.91000,8.83700,7.15000,11.14000,0.00000,-0.54300
68-48-2-8,8-48-37-93,9.33400,8.99100,6.86800,11.51200,0.00000,-0.05500
68-48-2-8,8-48-37-93,9.23300,9.01300,6.98800,10.89300,1.00000,0.36500
68-48-2-8,8-48-37-93,10.44900,8.67700,6.95700,11.66900,1.00000,0.50000
68-48-2-8,8-48-37-93,9.39100,8.77900,6.71500,11.76300,0.00000,-0.30800
68-48-2-8,8-48-37-93,9.70600,9.44600,7.28400,11.26100,1.00000,0.60700
68-48-2-8,8-48-37-93,8.77300,9.08900,7.42400,11.30100,0.00000,-0.86300
68-48-2-8,8-48-37-93,9.74400,9.62200,7.15600,11.45300,1.00000,0.75700
68-48-2-8,8-48-37-93,9.13600,9.10700,7.02800,11.32400,0.00000,-0.10900
68-48-2-8,8-48-37-93,9.61400,9.31300,6.76400,10.96100,1.00000,1.20200
68-48-2-8,8-48-37-93,9.07200,9.55100,6.81400,11.99300,0.00000,-0.18400
68-48-2-8,8-48-37-93,9.44300,9.27100,7.53900,11.76800,0.00000,-0.59300
68-48-2-8,8-48-37-93,9.31700,9.31700,6.52800,11.40000,1.00000,0.70600
68-48-2-8,8-48-37-93,9.83800,9.45600,7.66000,10.93500,1.00000,0.69900
68-48-2-8,8-48-37-93,8.95500,9.45200,6.92900,10.97600,1.00000,0.50200
68-48-2-8,8-48-37-93,9.19200,9.26100,7.64600,11.10300,0.00000,-0.29600
68-48-2-8,8-48-37-93,9.11100,9.39100,7.26700,12.18800,0.00000,-0.95300
68-48-2-8,8-48-37-93,8.94400,9.63400,7.22400,11.51300,0.00000,-0.15900
68-48-2-8,8-48-37-93,9.54600,9.17400,6.89000,11.91900,0.00000,-0.08900
68-48-2-8,8-48-37-93,9.46100,8.89000,7.38800,11.41000,0.00000,-0.44700
68-48-2-8,8-48-37-93,9.15800,8.96800,6.83000,11.54100,0.00000,-0.24500
68-48-2-8,8-48-37-93,9.15500,8.48100,7.45900,11.29600,0.00000,-1.11900
68-48-2-8,8-48-37-93,9.40400,9.67900,7.83000,11.60600,0.00000,-0.35300
68-48-2-8,8-48-37-93,9.24000,9.45300,7.77100,10.99200,0.00000,-0.07000
68-48-2-8,8-48-37-93,9.41200,9.15600,7.54400,11.21700,0.00000,-0.19300
68-48-2-8,8-48-37-93,9.73000,9.30400,7.37300,11.33200,1.00000,0.32900
68-48-2-8,8-48-37-93,9.28500,9.14700,7.15700,11.49300,0.00000,-0.21800
68-48-2-8,8-48-37-93,10.03200,9.81100,7.24500,11.91900,1.00000,0.67900
68-48-2-8,8-48-37-93,10.27400,8.64700,7.02600,11.91400,0.00000,-0.01900
68-48-2-8,8-48-37-93,9.28400,9.76300,7.32800,11.69900,1.00000,0.02000
68-48-2-8,8-48-37-93,9.48500,9.03700,6.81900,12.22000,0.00000,-0.51700
68-48-2-8,8-48-37-93,9.61900,9.25000,7.34600,11.19000,1.00000,0.33300
68-48-2-8,8-48-37-93,8.88300,9.31800,7.43800,11.36700,0.00000,-0.60400
68-48-2-8,8-48-37-93,9.36500,8.97300,6.91300,11.23100,1.00000,0.19400
68-48-2-8,8-48-37-93,8.85100,9.66800,6.91500,11.46100,1.00000,0.14300
68-48-2-8,8-48-37-93,9.19800,8.43600,7.16500,11.28400,0.00000,-0.81500
68-48-2-8,8-48-37-93,9.17400,9.19000,7.42600,11.21900,0.00000,-0.28100
68-48-2-8,8-48-37-93,9.32200,9.53700,7.85300,11.01700,0.00000,-0.01100
68-48-2-8,8-48-37-93,8.97000,9.02100,7.00200,11.49400,0.00000,-0.50500
68-48-2-8,8-48-37-93,9.80200,9.46400,8.08500,11.27600,0.00000,-0.09500
68-48-2-8,8-48-37-93,8.96500,9.39900,7.03100,11.14400,1.00000,0.18900
68-48-2-8,8-48-37-93,9.32700,9.70300,7.34400,11.37400,1.00000,0.31200
68-48-2-8,8-48-37-93,9.02400,8.82500,7.95900,11.55300,0.00000,-1.66300
68-48-2-8,8-48-37-93,9.76400,8.79500,7.03000,11.28500,1.00000,0.24400
68-48-2-8,8-48-37-93,9.08100,9.16300,7.51200,11.37800,0.00000,-0.64600
68-48-2-8,8-48-37-93,9.16000,8.97000,6.44300,11.72900,0.00000,-0.04200
68-48-2-8,8-48-37-93,9.40900,9.22300,7.32800,11.41600,0.00000,-0.11200
68-48-2-8,8-48-37-93,9.48900,9.41900,7.24100,11.27800,1.00000,0.38900
68-48-2-8,8-48-37-93,9.67800,8.68700,7.73400,11.10400,0.00000,-0.47300
68-48-2-8,8-48-37-93,9.40100,9.08500,7.58800,11.43000,0.00000,-0.53200
68-48-2-8,8-48-37-93,9.22100,9.17400,6.64800,11.64600,1.00000,0.10100
68-48-2-8,8-48-37-93,9.94300,9.34500,7.70300,12.00100,0.00000,-0.41600
68-48-2-8,8-48-37-93,9.15100,9.29700,7.09800,11.37600,0.00000,-0.02600
68-48-2-8,8-48-37-93,9.83400,9.50300,8.23200,11.03300,1.00000,0.07200
68-48-2-8,8-48-37-93,9.30000,9.03400,7.04000,11.69900,0.00000,-0.40500
68-48-2-8,8-48-37-93,9.48700,8.66700,7.70000,11.06200,0.00000,-0.60800
68-48-2-8,8-48-37-93,9.48400,9.07500,7.23100,11.53300,0.00000,-0.20500
68-48-2-8,8-48-37-93,9.62500,8.95500,6.72200,11.08600,1.00000,0.77200
68-48-2-8,8-48-37-93,9.42800,9.06900,7.42200,11.43500,0.00000,-0.36000
68-48-2-8,8-48-37-93,9.44500,8.81000,7.23000,11.82900,0.00000,-0.80400
68-48-2-8,8-48-37-93,8.97500,8.84300,6.91400,10.97900,0.00000,-0.07500
68-48-2-8,8-48-37-93,9.21600,9.18600,7.28700,11.13900,0.00000,-0.02400
68-48-2-8,8-48-37-93,9.88400,9.55000,6.77500,11.11000,1.00000,1.54900
68-48-2-8,8-48-37-93,8.80800,9.47800,7.08300,10.94700,1.00000,0.25600
68-48-2-8,8-48-37-93,9.37300,9.18200,6.90700,11.31500,1.00000,0.33300
68-48-2-8,8-48-37-93,9.29000,9.78100,7.02400,11.15400,1.00000,0.89300
68-48-2-8,8-48-37-93,9.32200,8.67300,7.31200,11.27100,0.00000,-0.58800
68-48-2-8,8-48-37-93,9.73100,9.21700,7.21500,11.33000,1.00000,0.40300
68-48-2-8,8-48-37-93,9.29900,9.46800,7.36200,10.95700,1.00000,0.44800
68-48-2-8,8-48-37-93,9.34800,9.02400,6.91000,11.67900,0.00000,-0.21700
68-48-2-8,8-48-37-93,10.05000,9.20800,7.36200,11.21900,1.00000,0.67700
68-48-2-8,8-48-37-93,9.51700,9.82600,7.76500,11.61300,0.00000,-0.03500
68-48-2-8,8-48-37-93,9.49600,8.91200,7.51700,11.89000,0.00000,-0.99900
68-48-2-8,8-48-37-93,10.09600,9.54900,7.76200,11.05900,1.00000,0.82400
68-48-2-8,8-48-37-93,9.57300,8.67100,6.91700,11.03300,1.00000,0.29400
68-48-2-8,8-48-37-93,9.90000,8.95500,6.89600,11.15600,1.00000,0.80300
68-48-2-8,8-48-37-93,9.60300,8.67500,7.48400,11.47300,0.00000,-0.67900
68-48-2-8,8-48-37-93,9.55400,9.85500,6.95500,11.89000,1.00000,0.56400
68-48-2-8,8-48-37-93,8.94500,9.52500,7.09200,11.40800,0.00000,-0.03000
68-48-2-8,8-48-37-93,9.45000,9.40400,6.81700,11.47900,1.00000,0.55800
68-48-2-8,8-48-37-93,9.01600,9.12700,6.87700,11.90600,0.00000,-0.64000
68-48-2-8,8-48-37-93,9.56500,9.21000,6.91400,11.84900,1.00000,0.01200
68-48-2-8,8-48-37-93,9.00600,9.79100,7.35100,11.10100,1.00000,0.34500
68-48-2-8,8-48-37-93,8.91800,9.55500,7.23200,11.67800,0.00000,-0.43700
68-48-2-8,8-48-37-93,8.96800,8.78900,7.62000,11.39900,0.00000,-1.26200
68-48-2-8,8-48-37-93,9.51800,9.41300,6.80600,10.97500,1.00000,1.15000
68-48-2-8,8-48-37-93,9.27900,8.81500,7.56900,11.91900,0.00000,-1.39400
68-48-2-8,8-48-37-93,9.51400,8.44900,6.85900,11.25600,0.00000,-0.15200
68-48-2-8,8-48-37-93,9.70400,8.57300,7.20800,10.95000,1.00000,0.11900
68-48-2-8,8-48-37-93,9.53400,9.13100,7.39400,11.14700,1.00000,0.12400
68-48-2-8,8-48-37-93,9.05100,9.47500,7.15900,11.24200,1.00000,0.12500
68-48-2-8,8-48-37-93,9.43700,8.90200,8.07200,10.74200,0.00000,-0.47500
68-48-2-8,8-48-37-93,9.91500,8.48000,7.24700,11.30800,0.00000,-0.16000
68-48-2-8,8-48-37-93,9.76700,9.29400,6.69900,11.53100,1.00000,0.83100
68-48-2-8,8-48-37-93,9.20100,9.12800,7.49500,11.12600,0.00000,-0.29200
68-48-2-8,8-48-37-93,9.07100,9.01400,6.96300,11.09100,1.00000,0.03100
68-48-2-8,8-48-37-93,9.05100,8.93300,7.25000,11.14500,0.00000,-0.41100
68-48-2-8,8-48-37-93,8.79400,8.94100,7.64700,10.95100,0.00000,-0.86300
68-48-2-8,8-48-37-93,9.74300,9.43100,7.49200,11.68300,0.00000,-0.00100
68-48-2-8,8-48-37-93,9.39800,9.09400,6.62400,11.15700,1.00000,0.71100
68-48-2-8,8-48-37-93,9.66100,8.43200,7.47000,11.48100,0.00000,-0.85800
68-48-2-8,8-48-37-93,9.02200,9.51600,7.33600,11.58000,0.00000,-0.37800
68-48-2-8,8-48-37-93,9.30400,9.03900,6.77800,11.27800,1.00000,0.28700
68-48-2-8,8-48-37-93,9.19600,9.04400,7.37000,10.91400,0.00000,-0.04400
68-48-2-8,8-48-37-93,9.22200,8.96500,6.77600,11.03000,1.00000,0.38100
68-48-2-8,8-48-37-93,8.86400,8.25700,6.88500,11.11000,0.00000,-0.87400
68-48-2-8,8-48-37-93,9.78400,8.61400,6.92100,12.01900,0.00000,-0.54200
68-48-2-8,8-48-37-93,9.38400,9.50600,7.43600,11.53400,0.00000,-0.08000
68-48-2-8,8-48-37-93,9.22600,8.76100,7.42600,11.31700,0.00000,-0.75600
68-48-2-8,8-48-37-93,9.20200,8.85700,6.91400,12.00500,0.00000,-0.86000
68-48-2-8,8-48-37-93,8.86600,8.64400,7.46100,11.41000,0.00000,-1.36100
68-48-2-8,8-48-37-93,9.68800,8.84400,6.84100,11.01300,1.00000,0.67800
68-48-2-8,8-48-37-93,8.52600,8.97700,6.82200,11.07900,0.00000,-0.39800
68-48-2-8,8-48-37-93,9.71100,9.51500,7.30800,11.11200,1.00000,0.80600
68-48-2-8,8-48-37-93,9.26600,8.64700,7.55800,11.43700,0.00000,-1.08200
68-48-2-8,8-48-37-93,9.61700,9.16500,7.90200,11.78000,0.00000,-0.90000
68-48-2-8,8-48-37-93,9.13900,9.53700,7.03600,11.38000,1.00000,0.26000
68-48-2-8,8-48-37-93,9.33700,8.82300,7.08100,11.59300,0.00000,-0.51400
68-48-2-8,8-48-37-93,9.25100,9.25200,7.18300,11.50500,0.00000,-0.18500
68-48-2-8,8-48-37-93,9.47000,9.35700,7.26500,11.42800,1.00000,0.13400
68-48-2-8,8-48-37-93,9.59200,9.20900,7.05300,10.62400,1.00000,1.12400
68-48-2-8,8-48-37-93,9.61000,9.23100,6.96700,11.37500,1.00000,0.49900
68-48-2-8,8-48-37-93,9.46600,9.27700,6.83500,11.73000,1.00000,0.17800
68-48-2-8,8-48-37-93,9.20400,9.24600,7.14500,11.32300,0.00000,-0.01800
68-48-2-8,8-48-37-93,9.31000,9.03500,7.58900,11.53800,0.00000,-0.78200
68-48-2-8,8-48-37-93,9.20900,9.52300,6.94400,11.70200,1.00000,0.08600
68-48-2-8,8-48-37-93,8.91700,9.14200,7.26100,11.48500,0.00000,-0.68700
68-48-2-8,8-48-37-93,9.66400,9.03900,6.87100,11.31700,1.00000,0.51500
68-48-2-8,8-48-37-93,9.20300,9.12600,6.95700,11.22400,1.00000,0.14800
68-48-2-8,8-48-37-93,9.84200,9.42200,6.31700,11.44500,1.00000,1.50200
68-48-2-8,8-48-37-93,9.49600,9.29500,7.24100,11.21500,1.00000,0.33500
68-48-2-8,8-48-37-93,8.94600,9.44200,6.73400,11.32300,1.00000,0.33100
68-48-2-8,8-48-37-93,9.71600,9.45800,7.18600,10.62000,1.00000,1.36800
68-48-2-8,8-48-37-93,9.33600,9.42600,6.62100,11.55500,1.00000,0.58600
68-48-2-8,8-48-37-93,9.66600,9.13900,6.78600,11.20500,1.00000,0.81400
68-48-2-8,8-48-37-93,9.28900,9.35800,7.88700,11.81500,0.00000,-1.05500
68-48-2-8,8-48-37-93,8.89800,8.77300,7.27700,11.41700,0.00000,-1.02300
68-48-2-8,8-48-37-93,9.28100,9.04300,7.59700,11.99700,0.00000,-1.27000
68-48-2-8,8-48-37-93,9.66300,9.02400,7.94300,11.84300,0.00000,-1.09900
68-48-2-8,8-48-37-93,9.12400,9.35300,7.32900,11.83100,0.00000,-0.68300
68-48-2-8,8-48-37-93,9.64200,9.30800,7.47900,11.68500,0.00000,-0.21400
68-48-2-8,8-48-37-93,9.76600,8.68000,7.09900,11.83400,0.00000,-0.48700
68-48-2-8,8-48-37-93,9.18800,9.29700,6.93600,11.27500,1.00000,0.27400
68-48-2-8,8-48-37-93,8.88000,9.18600,7.25100,11.80100,0.00000,-0.98600
68-48-2-8,8-48-37-93,9.53000,9.22800,7.40100,11.71400,0.00000,-0.35700
68-48-2-8,8-48-37-93,9.29000,9.05300,7.53300,11.31400,0.00000,-0.50400
68-48-2-8,8-48-37-93,9.61400,9.19700,7.64100,11.28800,0.00000,-0.11800
68-48-2-8,8-48-37-93,9.21600,9.51100,6.93000,11.22200,1.00000,0.57500
68-48-2-8,8-48-37-93,9.80100,9.21600,6.70600,11.15100,1.00000,1.16000
68-48-2-8,8-48-37-93,9.15500,9.84600,7.04800,11.40000,1.00000,0.55300
68-48-2-8,8-48-37-93,9.47000,9.40100,7.70900,11.08100,1.00000,0.08100
68-48-2-8,8-48-37-93,9.02900,9.26700,7.53600,10.89000,0.00000,-0.13000
68-48-2-8,8-48-37-93,9.31100,9.28700,6.90800,11.24600,1.00000,0.44400
